,Month_Yr,Age_Cat,Country.x,Population,Partly_vaccinated_byAge,Fully_vaccinated_byAge,Booster_vaccinated_byAge,Country,Deaths3,Deaths_noncum,Deaths_WHO
1,2020-12,18-59,Argentina,25328018,0.001545409,1.92E-07,0,Argentina,6600,564,NA
2,2020-12,60+,Argentina,7279916.5,0.000357308,2.92E-07,0,Argentina,39659,3577,NA
3,2021-01,18-59,Argentina,25328018,0.010233753,0.002806262,0,Argentina,7313,713,NA
4,2021-01,60+,Argentina,7279916.5,0.002366104,0.004272594,0,Argentina,44200,4541,NA
5,2021-02,18-59,Argentina,25328018,0.023466209,0.008428089,0,Argentina,7817,504,NA
6,2021-02,60+,Argentina,7279916.5,0.005425526,0.012831946,0,Argentina,47480,3280,NA
7,2021-03,18-59,Argentina,25328018,0.101865521,0.019410482,0,Argentina,8394,577,725.2498092
8,2021-03,60+,Argentina,7279916.5,0.023551911,0.029552874,0,Argentina,50834,3354,4215.750191
9,2021-04,18-59,Argentina,25328018,0.22457392,0.027863195,0,Argentina,10159,1765,2345.534383
10,2021-04,60+,Argentina,7279916.5,0.051922819,0.04242231,0,Argentina,58725,7891,10486.46562
11,2021-05,18-59,Argentina,25328018,0.250238183,0.082029244,0,Argentina,14333,4174,4478.033075
12,2021-05,60+,Argentina,7279916.5,0.057856548,0.124891276,0,Argentina,70394,11669,12518.96693
13,2021-06,18-59,Argentina,25328018,0.471175502,0.118106819,0,Argentina,19512,5179,4218.012895
14,2021-06,60+,Argentina,7279916.5,0.108938563,0.179820155,0,Argentina,80957,10563,8602.987105
15,2021-07,18-59,Argentina,25328018,0.655515071,0.201703956,0,Argentina,22355,2843,2243.294967
16,2021-07,60+,Argentina,7279916.5,0.151558962,0.307098581,0,Argentina,87254,6297,4968.705033
17,2021-08,18-59,Argentina,25328018,0.527446879,0.377655187,0,Argentina,23578,1223,910.302612
18,2021-08,60+,Argentina,7279916.5,0.121948838,0.574988087,0,Argentina,90740,3486,2594.697388
19,2021-09,18-59,Argentina,25328018,0.296,0.575,0,Argentina,23943,365,223.4031746
20,2021-09,60+,Argentina,7279916.5,0.068,0.875,0,Argentina,91950,1210,740.5968254
21,2021-10,18-59,Argentina,25328018,0.223,0.664,0,Argentina,24039,96,71.1762014
22,2021-10,60+,Argentina,7279916.5,0.058,0.888,0,Argentina,92291,341,252.8237986
23,2021-11,18-59,Argentina,25328018,0.14,0.777,0.02,Argentina,24105,66,NA
24,2021-11,60+,Argentina,7279916.5,0.041,0.911,0.098,Argentina,92551,260,NA
25,2021-12,18-59,Argentina,25328018,0.123,0.806,0.035,Argentina,24208,103,159.4944356
26,2021-12,60+,Argentina,7279916.5,0.037,0.919,0.165,Argentina,93077,526,814.5055644
27,2022-01,18-59,Argentina,25328018,0.106,0.845,0.047,Argentina,25029,821,954.0947177
28,2022-01,60+,Argentina,7279916.5,0.034,0.929,0.23,Argentina,98844,5767,6701.905282
29,2022-02,18-59,Argentina,25328018,0.084,0.889,0.051,Argentina,25505,476,282.4249597
30,2022-02,60+,Argentina,7279916.5,0.029,0.941,0.241,Argentina,102086,3242,1923.57504
31,2022-03,18-59,Argentina,25328018,0.078,0.901,0.481,Argentina,25591,86,43.5384615
32,2022-03,60+,Argentina,7279916.5,0.027,0.945,0.816,Argentina,102559,473,239.4615385
33,2022-04,18-59,Argentina,25328018,0.075,0.906,0.521,Argentina,25630,39,49.2514286
34,2022-04,60+,Argentina,7279916.5,0.026,0.947,0.889,Argentina,102695,136,171.7485714
35,2022-05,18-59,Argentina,25328018,0.074,0.908,0.544,Argentina,25655,25,46.8918919
36,2022-05,60+,Argentina,7279916.5,0.024,0.95,0.996,Argentina,102855,160,300.1081081
37,2021-01,18-59,Brazil,130378055,0.014441306,0,0,Brazil,46623,6308,NA
38,2021-01,60+,Brazil,30483308,0.001970219,0,0,Brazil,185870,26137,NA
39,2021-02,18-59,Brazil,130378055,0.0320061,0.009451541,0,Brazil,53555,6932,NA
40,2021-02,60+,Brazil,30483308,0.004366574,0.022403355,0,Brazil,209345,23475,NA
41,2021-03,18-59,Brazil,130378055,0.087669637,0.025032248,0,Brazil,77034,23479,17186.56267
42,2021-03,60+,Brazil,30483308,0.011960718,0.05933491,0,Brazil,269242,59897,43844.43733
43,2021-04,18-59,Brazil,130378055,0.11082885,0.077169152,0,Brazil,101994,24960,27012.90241
44,2021-04,60+,Brazil,30483308,0.015120316,0.182917038,0,Brazil,322193,52951,57306.09759
45,2021-05,18-59,Brazil,130378055,0.166236609,0.109777418,0,Brazil,124770,22776,25238.33537
46,2021-05,60+,Brazil,30483308,0.022679564,0.260209676,0,Brazil,356155,33962,37633.66463
47,2021-06,18-59,Brazil,130378055,0.335753633,0.130934307,0,Brazil,149602,24832,26345.09832
48,2021-06,60+,Brazil,30483308,0.045806674,0.310358672,0,Brazil,381312,25157,26689.90168
49,2021-07,18-59,Brazil,130378055,0.440528997,0.20399068,0,Brazil,162462,12860,17960.88144
50,2021-07,60+,Brazil,30483308,0.060101116,0.483527032,0,Brazil,397382,16070,22444.11856
51,2021-08,18-59,Brazil,130378055,0.508800274,0.308132711,0,Brazil,168087,5625,7615.512114
52,2021-08,60+,Brazil,30483308,0.069415327,0.730378932,0,Brazil,410083,12701,17195.48789
53,2021-09,18-59,Brazil,130378055,0.435,0.381,0,Brazil,170893,2806,3662.802556
54,2021-09,60+,Brazil,30483308,0.059,0.904,0,Brazil,419640,9557,12475.19744
55,2021-10,18-59,Brazil,130378055,0.435,0.381,0,Brazil,172447,1554,2235.735632
56,2021-10,60+,Brazil,30483308,0.059,0.904,0,Brazil,426438,6798,9780.264368
57,2021-11,18-59,Brazil,130378055,0.236,0.648,0,Brazil,173493,1046,NA
58,2021-11,60+,Brazil,30483308,0.022,0.956,0,Brazil,430390,3952,NA
59,2021-12,18-59,Brazil,130378055,0.236,0.648,0,Brazil,174325,832,1075.911111
60,2021-12,60+,Brazil,30483308,0.022,0.956,0,Brazil,433068,2678,3463.088889
61,2022-01,18-59,Brazil,130378055,0.236,0.648,0,Brazil,176961,2636,1319.626632
62,2022-01,60+,Brazil,30483308,0.022,0.956,0,Brazil,445827,12759,6387.373368
63,2022-02,18-59,Brazil,130378055,0.236,0.648,0,Brazil,179842,2881,3301.904735
64,2022-02,60+,Brazil,30483308,0.022,0.956,0,Brazil,462481,16654,19087.09526
65,2022-03,18-59,Brazil,130378055,0.083,0.848,0.335,Brazil,180633,791,1625.113985
66,2022-03,60+,Brazil,30483308,0.009,0.977,0.721,Brazil,466717,4236,8702.886016
67,2022-04,18-59,Brazil,130378055,0.077,0.857,0.391,Brazil,180913,280,852.1925134
68,2022-04,60+,Brazil,30483308,0.009,0.979,0.83,Brazil,467746,1029,3131.807487
69,2022-05,18-59,Brazil,130378055,0.077,0.859,0.408,Brazil,181199,286,548.5490196
70,2022-05,60+,Brazil,30483308,0.008,0.984,0.844,Brazil,469143,1397,2679.45098
71,2020-12,18-59,Chile,11702608,0.000467944,0,0,Chile,2586,191,NA
72,2020-12,60+,Chile,3477103,0.000151131,0,0,Chile,14210,1036,NA
73,2021-01,18-59,Chile,11702608,0.003086274,0.000664718,0,Chile,2861,275,NA
74,2021-01,60+,Chile,3477103,0.000996766,0.000682317,0,Chile,15924,1714,NA
75,2021-02,18-59,Chile,11702608,0.176420784,0.003598913,0,Chile,3164,303,NA
76,2021-02,60+,Chile,3477103,0.056978167,0.003694196,0,Chile,17716,1792,NA
77,2021-03,18-59,Chile,11702608,0.169458717,0.235251921,0,Chile,3629,465,439.4450431
78,2021-03,60+,Chile,3477103,0.054729646,0.241480379,0,Chile,20035,2319,2191.554957
79,2021-04,18-59,Chile,11702608,0.075902524,0.432085141,0,Chile,4384,755,765.2356359
80,2021-04,60+,Chile,3477103,0.024514043,0.443524895,0,Chile,22378,2343,2374.764364
81,2021-05,18-59,Chile,11702608,0.145249672,0.513863403,0,Chile,5163,779,763.0647217
82,2021-05,60+,Chile,3477103,0.046910913,0.527468293,0,Chile,24581,2203,2157.935278
83,2021-06,18-59,Chile,11702608,0.104657515,0.688774077,0,Chile,5900,737,716.0845524
84,2021-06,60+,Chile,3477103,0.033800968,0.707009848,0,Chile,27262,2681,2604.915448
85,2021-07,18-59,Chile,11702608,0.068877418,0.802276876,0,Chile,6420,520,586.2225705
86,2021-07,60+,Chile,3477103,0.022245163,0.823517713,0,Chile,29294,2032,2290.77743
87,2021-08,18-59,Chile,11702608,0.041018976,0.873098749,0,Chile,6620,200,245.777427
88,2021-08,60+,Chile,3477103,0.013247793,0.896214643,0,Chile,30361,1067,1311.222573
89,2021-09,18-59,Chile,11702608,0.038,0.895,0,Chile,6683,63,78.6760563
90,2021-09,60+,Chile,3477103,0.012,0.919,0,Chile,30724,363,453.3239437
91,2021-10,18-59,Chile,11702608,0.033,0.911,0.15,Chile,6736,53,49.0803859
92,2021-10,60+,Chile,3477103,0.011,0.922,0.63,Chile,30982,258,238.9196141
93,2021-11,18-59,Chile,11702608,0.029,0.931,0.437,Chile,6835,99,NA
94,2021-11,60+,Chile,3477103,0.012,0.926,0.759,Chile,31538,556,NA
95,2021-12,18-59,Chile,11702608,0.025,0.945,0.631,Chile,6935,100,106.3559322
96,2021-12,60+,Chile,3477103,0.009,0.931,0.81,Chile,32146,608,646.6440678
97,2022-01,18-59,Chile,11702608,0.022,0.95,0.712,Chile,7036,101,83.2931276
98,2022-01,60+,Chile,3477103,0.009,0.932,0.828,Chile,32758,612,504.7068724
99,2022-02,18-59,Chile,11702608,0.021,0.958,0.796,Chile,7321,285,237.4370861
100,2022-02,60+,Chile,3477103,0.004,0.939,0.889,Chile,35493,2735,2278.562914
101,2022-03,18-59,Chile,11702608,0.019,0.964,0.877,Chile,7567,246,1402.190172
102,2022-03,60+,Chile,3477103,0.008,0.939,1,Chile,37750,2257,12864.80983
103,2022-04,18-59,Chile,11702608,0.017,0.968,0.853,Chile,7635,68,100.2206506
104,2022-04,60+,Chile,3477103,0.008,0.939,0.874,Chile,38389,639,941.7793494
105,2022-05,18-59,Chile,11702608,0.017,0.969,0.866,Chile,7679,44,49.7964072
106,2022-05,60+,Chile,3477103,0.008,0.939,0.878,Chile,38679,290,328.2035928
107,2021-03,18-59,Colombia,31215224.5,0.044058504,0.004989204,0,Colombia,14897,849,729.0303834
108,2021-03,60+,Colombia,6764869,0.03705453,0.018622995,0,Colombia,57048,3298,2831.969617
109,2021-04,18-59,Colombia,31215224.5,0.045670543,0.028376551,0,Colombia,18296,3399,2447.503285
110,2021-04,60+,Colombia,6764869,0.038410304,0.105919974,0,Colombia,67045,9997,7198.496715
111,2021-05,18-59,Colombia,31215224.5,0.092417045,0.05743648,0,Colombia,23753,5457,4780.722809
112,2021-05,60+,Colombia,6764869,0.07772552,0.214390765,0,Colombia,78735,11690,10241.27719
113,2021-06,18-59,Colombia,31215224.5,0.121864857,0.120276624,0,Colombia,31654,7901,7064.683571
114,2021-06,60+,Colombia,6764869,0.102492018,0.448951565,0,Colombia,90494,11759,10514.31643
115,2021-07,18-59,Colombia,31215224.5,0.148229234,0.212411885,0,Colombia,37053,5399,5438.687721
116,2021-07,60+,Colombia,6764869,0.102492018,0.448951565,0,Colombia,99787,9293,9361.312279
117,2021-08,18-59,Colombia,31215224.5,0.234023866,0.256779013,0,Colombia,38298,1245,1370.816686
118,2021-08,60+,Colombia,6764869,0.119,0.739,0,Colombia,102797,3010,3314.183314
119,2021-09,18-59,Colombia,31215224.5,0.141,0.256779013,0,Colombia,38592,294,324.1597494
120,2021-09,60+,Colombia,6764869,0.119,0.739,0,Colombia,103780,983,1083.840251
121,2021-10,18-59,Colombia,31215224.5,0.175,0.346,0,Colombia,38805,213,201.9585297
122,2021-10,60+,Colombia,6764869,0.104,0.739,0.018,Colombia,104628,848,804.0414703
123,2021-11,18-59,Colombia,31215224.5,0.32,0.366,0,Colombia,39047,242,NA
124,2021-11,60+,Colombia,6764869,0.101,0.74,0.026,Colombia,105835,1207,NA
125,2021-12,18-59,Colombia,31215224.5,0.32,0.366,0,Colombia,39352,305,256.6813899
126,2021-12,60+,Colombia,6764869,0.101,0.74,0.026,Colombia,107228,1393,1172.31861
127,2022-01,18-59,Colombia,31215224.5,0.32,0.366,0,Colombia,40012,660,421.2359189
128,2022-01,60+,Colombia,6764869,0.101,0.74,0.026,Colombia,112782,5554,3544.764081
129,2022-02,18-59,Colombia,31215224.5,0.163,0.436,0.014,Colombia,40437,425,450.3223655
130,2022-02,60+,Colombia,6764869,0.092,0.778,0.11,Colombia,116855,4073,4315.677635
131,2022-03,18-59,Colombia,31215224.5,0.152,0.483,0.014,Colombia,40520,83,121.1581259
132,2022-03,60+,Colombia,6764869,0.085,0.811,0.11,Colombia,117455,600,875.8418741
133,2022-04,18-59,Colombia,31215224.5,0.152,0.483,0.014,Colombia,40540,20,30.3125
134,2022-04,60+,Colombia,6764869,0.085,0.811,0.11,Colombia,117563,108,163.6875
135,2022-05,18-59,Colombia,31215224.5,0.152,0.483,0.014,Colombia,40550,10,7.1428571
136,2022-05,60+,Colombia,6764869,0.085,0.811,0.11,Colombia,117644,81,57.8571429
137,2021-02,18-59,Paraguay,3777548,0.000333911,0,0,Paraguay,1072,258,NA
138,2021-02,60+,Paraguay,620912,0.000190479,0,0,Paraguay,2698,501,NA
139,2021-03,18-59,Paraguay,3777548,0.009369265,0.000335614,0,Paraguay,1515,443,310.2937318
140,2021-03,60+,Paraguay,620912,0.005344674,0.000596575,0,Paraguay,3627,929,650.7062682
141,2021-04,18-59,Paraguay,3777548,0.024049082,0.00230949,0,Paraguay,2173,658,714.2334549
142,2021-04,60+,Paraguay,620912,0.013718739,0.004105261,0,Paraguay,4888,1261,1368.766545
143,2021-05,18-59,Paraguay,3777548,0.056278336,0.016625344,0,Paraguay,2975,802,977.4593886
144,2021-05,60+,Paraguay,620912,0.032103837,0.029552571,0,Paraguay,6376,1488,1813.540611
145,2021-06,18-59,Paraguay,3777548,0.132273461,0.030740492,0,Paraguay,3832,857,1175.921142
146,2021-06,60+,Paraguay,620912,0.075455067,0.054643116,0,Paraguay,8182,1806,2478.078858
147,2021-07,18-59,Paraguay,3777548,0.42535511,0.062480824,0,Paraguay,4371,539,813.4132343
148,2021-07,60+,Paraguay,620912,0.242642765,0.111063508,0,Paraguay,9124,942,1421.586766
149,2021-08,18-59,Paraguay,3777548,0.11239169,0.326841982,0,Paraguay,4646,275,276.3048636
150,2021-08,60+,Paraguay,620912,0.06411356,0.580981725,0,Paraguay,9692,568,570.6951364
151,2021-09,18-59,Paraguay,3777548,0.166,0.344,0,Paraguay,4812,166,150.6177606
152,2021-09,60+,Paraguay,620912,0.095,0.611,0,Paraguay,10044,352,319.3822394
153,2021-10,18-59,Paraguay,3777548,0.184,0.384,0,Paraguay,4995,183,19.0701403
154,2021-10,60+,Paraguay,620912,0.089,0.631,0,Paraguay,10360,316,32.9298597
155,2021-11,18-59,Paraguay,3777548,0.115,0.508,0.014,Paraguay,5144,149,NA
156,2021-11,60+,Paraguay,620912,0.075,0.683,0.062,Paraguay,10643,283,NA
157,2021-12,18-59,Paraguay,3777548,0.094,0.546,0.064,Paraguay,5282,138,55.545
158,2021-12,60+,Paraguay,620912,0.064,0.71,0.215,Paraguay,10905,262,105.455
159,2022-01,18-59,Paraguay,3777548,0.084,0.569,0.143,Paraguay,NA,161.0883417,161.0883417
160,2022-01,60+,Paraguay,620912,0.056,0.727,0.357,Paraguay,NA,445.9116583,445.9116583
161,2022-02,18-59,Paraguay,3777548,0.079,0.578,0.17,Paraguay,NA,268.5293806,268.5293806
162,2022-02,60+,Paraguay,620912,0.053,0.735,0.391,Paraguay,NA,846.4706194,846.4706194
163,2022-03,18-59,Paraguay,3777548,0.072,0.591,0.218,Paraguay,NA,70.7857544,70.7857544
164,2022-03,60+,Paraguay,620912,0.048,0.747,0.431,Paraguay,NA,247.2142456,247.2142456
165,2022-04,18-59,Paraguay,3777548,0.071,0.597,0.242,Paraguay,NA,35.0143819,35.0143819
166,2022-04,60+,Paraguay,620912,0.047,0.756,0.452,Paraguay,NA,95.9856181,95.9856181
167,2022-05,18-59,Paraguay,3777548,0.07,0.599,0.249,Paraguay,NA,23.958858,23.958858
168,2022-05,60+,Paraguay,620912,0.047,0.76,0.461,Paraguay,NA,75.041142,75.041142
169,2021-02,18-59,Uruguay,1909599,0.000127882,0,0,Uruguay,NA,NA,NA
170,2021-02,60+,Uruguay,705970,0.000131761,0,0,Uruguay,NA,NA,NA
171,2021-03,18-59,Uruguay,1909599,0.186488819,0.015017573,0,Uruguay,110.8,16.4478069,16.4478069
172,2021-03,60+,Uruguay,705970,0.192145697,0.023533071,0,Uruguay,834.8,310.5521931,310.5521931
173,2021-04,18-59,Uruguay,1909599,0.157174472,0.200960545,0,Uruguay,350.4,239.6,226.5471857
174,2021-04,60+,Uruguay,705970,0.16194214,0.314912307,0,Uruguay,2254.6,1419.8,1342.452814
175,2021-05,18-59,Uruguay,1909599,0.249630381,0.300398831,0,Uruguay,605.5,255.1,315.0054424
176,2021-05,60+,Uruguay,705970,0.257202571,0.47073563,0,Uruguay,3359.2,1104.6,1363.994558
177,2021-06,18-59,Uruguay,1909599,0.189927923,0.488398754,0,Uruguay,924.1,318.6,286.620929
178,2021-06,60+,Uruguay,705970,0.195689122,0.765338182,0,Uruguay,4539,1179.8,1061.379071
179,2021-07,18-59,Uruguay,1909599,0.106193193,0.652267058,0,Uruguay,1026.3,102.2,95.085231
180,2021-07,60+,Uruguay,705970,0,1,0,Uruguay,4897.9,358.9,333.914769
181,2021-08,18-59,Uruguay,1909599,0.038283636,0.733738767,0,Uruguay,1051.4,25.1,20.5560345
182,2021-08,60+,Uruguay,705970,0,1,0,Uruguay,4965.6,67.7,55.4439655
183,2021-09,18-59,Uruguay,1909599,0.051,0.744,0,Uruguay,1055.5,4.1,4.2597403
184,2021-09,60+,Uruguay,705970,0,1,0,Uruguay,4984.6,19,19.7402597
185,2021-10,18-59,Uruguay,1909599,0.053,0.746,0,Uruguay,1057.8,2.3,2.5090909
186,2021-10,60+,Uruguay,705970,0,1,0,Uruguay,5004.3,19.7,21.4909091
187,2021-11,18-59,Uruguay,1909599,0.043,0.769,0.418,Uruguay,1063,5.2,NA
188,2021-11,60+,Uruguay,705970,0,1,0.645,Uruguay,5040.1,35.8,NA
189,2021-12,18-59,Uruguay,1909599,0.043,0.769,0.418,Uruguay,NA,5.7426977,5.7426977
190,2021-12,60+,Uruguay,705970,0,1,0.746,Uruguay,NA,33.2573023,33.2573023
191,2022-01,18-59,Uruguay,1909599,0.033,0.787,0.543,Uruguay,NA,24.9749902,24.9749902
192,2022-01,60+,Uruguay,705970,0,1,0.995,Uruguay,NA,243.0250098,243.0250098
193,2022-02,18-59,Uruguay,1909599,0.034,0.792,0.557,Uruguay,NA,35.3787633,35.3787633
194,2022-02,60+,Uruguay,705970,0,1,1,Uruguay,NA,489.6212367,489.6212367
195,2022-03,18-59,Uruguay,1909599,0.033,0.793,0.583,Uruguay,NA,9.420948,9.420948
196,2022-03,60+,Uruguay,705970,0,1,1,Uruguay,NA,185.579052,185.579052
197,2022-04,18-59,Uruguay,1909599,0.026,0.798,0.62,Uruguay,NA,4.5382276,4.5382276
198,2022-04,60+,Uruguay,705970,0,1,1,Uruguay,NA,42.4617724,42.4617724
199,2022-05,18-59,Uruguay,1909599,0.026,0.798,0.62,Uruguay,NA,2.5075127,2.5075127
200,2022-05,60+,Uruguay,705970,0,1,1,Uruguay,NA,32.4924873,32.4924873
201,2021-03,18-59,Jamaica,1787286,0.012182431,0,0,Jamaica,157.8,49.3,52.7438641
202,2021-03,60+,Jamaica,328253.5,0.014455926,0,0,Jamaica,406.2,109.6,117.2561359
203,2021-04,18-59,Jamaica,1787286,0.050011833,0,0,Jamaica,197.1,39.3,34.9460641
204,2021-04,60+,Jamaica,328253.5,0.05934508,0,0,Jamaica,572.7,166.5,148.0539359
205,2021-05,18-59,Jamaica,1787286,0.049277195,0.006803045,0,Jamaica,225.2,28.1,30.1687117
206,2021-05,60+,Jamaica,328253.5,0.058473344,0.024522065,0,Jamaica,707.6,134.9,144.8312883
207,2021-06,18-59,Jamaica,1787286,0.035415065,0.023603807,0,Jamaica,270.2,45,41.1585366
208,2021-06,60+,Jamaica,328253.5,0.042024252,0.085081626,0,Jamaica,793.8,86.2,78.8414634
209,2021-07,18-59,Jamaica,1787286,0.020877734,0.037439422,0,Jamaica,299.6,29.4,31.7415929
210,2021-07,60+,Jamaica,328253.5,0.024773952,0.1349531,0,Jamaica,877.4,83.6,90.2584071
211,2021-08,18-59,Jamaica,1787286,0.095329,0.044241854,0,Jamaica,331.5,31.9,115.6419753
212,2021-08,60+,Jamaica,328253.5,0.113119372,0.159472957,0,Jamaica,934.6,57.2,207.3580247
213,2021-09,18-59,Jamaica,1787286,0.099,0.044241854,0,Jamaica,508,176.5,106.1426117
214,2021-09,60+,Jamaica,328253.5,0.117,0.16,0,Jamaica,1340.1,405.5,243.8573883
215,2021-10,18-59,Jamaica,1787286,0.091,0.094,0,Jamaica,593.5,85.5,96.070341
216,2021-10,60+,Jamaica,328253.5,0.106,0.212,0,Jamaica,1583,242.9,272.929659
217,2021-11,18-59,Jamaica,1787286,0.064,0.137,0,Jamaica,657.7,64.2,NA
218,2021-11,60+,Jamaica,328253.5,0.071,0.257,0,Jamaica,1718.8,135.8,NA
219,2021-12,18-59,Jamaica,1787286,0.027,0.19,0,Jamaica,702.8,45.1,48.8737997
220,2021-12,60+,Jamaica,328253.5,0.026,0.314,0,Jamaica,1746.6,27.8,30.1262003
221,2022-01,18-59,Jamaica,1787286,0.026,0.19,0,Jamaica,791.7,88.9,92.3903002
222,2022-01,60+,Jamaica,328253.5,0.026,0.314,0,Jamaica,1830.9,84.3,87.6096998
223,2022-02,18-59,Jamaica,1787286,0.013,0.24,0.002,Jamaica,859.1,67.4,77.2891738
224,2022-02,60+,Jamaica,328253.5,0.014,0.338,0.036,Jamaica,1903.9,73,83.7108262
225,2022-03,18-59,Jamaica,1787286,0.007,0.253,0.007,Jamaica,864.3,5.2,17.0990991
226,2022-03,60+,Jamaica,328253.5,0.009,0.347,0.036,Jamaica,1920.9,17,55.9009009
227,2022-04,18-59,Jamaica,1787286,0,0.264,0.008,Jamaica,NA,19.8811141,19.8811141
228,2022-04,60+,Jamaica,328253.5,0.006,0.351,0.049,Jamaica,NA,58.1188859,58.1188859
229,2022-05,18-59,Jamaica,1787286,0,0.264,0.008,Jamaica,NA,21.6111217,21.6111217
230,2022-05,60+,Jamaica,328253.5,0.006,0.352,0.049,Jamaica,NA,72.3888783,72.3888783
231,2021-02,18-59,Peru,19057245,0.015689732,0,0,Peru,35547,5782,NA
232,2021-02,60+,Peru,4019133.5,0.004362577,0,0,Peru,88255,12922,NA
233,2021-03,18-59,Peru,19057245,0.013483357,0.012675335,0,Peru,42179,6632,6625.662685
234,2021-03,60+,Peru,4019133.5,0.003749088,0.033480136,0,Peru,102553,14298,14284.33731
235,2021-04,18-59,Peru,19057245,0.020743339,0.023057507,0,Peru,49730,7551,7540.071429
236,2021-04,60+,Peru,4019133.5,0.005767748,0.060903201,0,Peru,118494,15941,15917.92857
237,2021-05,18-59,Peru,19057245,0.079345937,0.044615431,0,Peru,54893,5163,5430.859922
238,2021-05,60+,Peru,4019133.5,0.022062376,0.117845459,0,Peru,130293,11799,12411.14008
239,2021-06,18-59,Peru,19057245,0.062599404,0.106097233,0,Peru,57671,2778,3092.477142
240,2021-06,60+,Peru,4019133.5,0.017405952,0.280241095,0,Peru,135324,5031,5600.522858
241,2021-07,18-59,Peru,19057245,0.134220433,0.17751254,0,Peru,59287,1616,1922.024662
242,2021-07,60+,Peru,4019133.5,0.037320394,0.468874703,0,Peru,137114,1790,2128.975338
243,2021-08,18-59,Peru,19057245,0.104371145,0.279370447,0,Peru,59962,675,797.2912966
244,2021-08,60+,Peru,4019133.5,0.02902071,0.737918206,0,Peru,138128,1014,1197.708703
245,2021-09,18-59,Peru,19057245,0.204,0.296,0,Peru,60288,326,357.9607843
246,2021-09,60+,Peru,4019133.5,0.056,0.783,0,Peru,138822,694,762.0392157
247,2021-10,18-59,Peru,19057245,0.185,0.519,0,Peru,60507,219,207.9781182
248,2021-10,60+,Peru,4019133.5,0.045,0.815,0,Peru,139517,695,660.0218818
249,2021-11,18-59,Peru,19057245,0.133,0.702,0.016,Peru,60706,199,NA
250,2021-11,60+,Peru,4019133.5,0.04,0.839,0.052,Peru,140278,761,NA
251,2021-12,18-59,Peru,19057245,0.113,0.805,0.075,Peru,60966,260,333.4144222
252,2021-12,60+,Peru,4019133.5,0.043,0.865,0.464,Peru,141169,891,1142.585578
253,2022-01,18-59,Peru,19057245,0.091,0.844,0.181,Peru,61656,690,554.5287958
254,2022-01,60+,Peru,4019133.5,0.035,0.879,0.559,Peru,143917,2748,2208.471204
255,2022-02,18-59,Peru,19057245,0.065,0.888,0.371,Peru,62278,622,841.7544798
256,2022-02,60+,Peru,4019133.5,0.026,0.895,0.675,Peru,147034,3117,4218.24552
257,2022-03,18-59,Peru,19057245,0.056,0.904,0.463,Peru,62608,330,416.4957265
258,2022-03,60+,Peru,4019133.5,0.024,0.9,0.715,Peru,148108,1074,1355.504274
259,2022-04,18-59,Peru,19057245,0.053,0.911,0.541,Peru,62749,141,167.5220729
260,2022-04,60+,Peru,4019133.5,0.023,0.902,0.735,Peru,148488,380,451.4779271
261,2022-05,18-59,Peru,19057245,0.053,0.911,0.541,Peru,62860,111,108.3984375
262,2022-05,60+,Peru,4019133.5,0.023,0.902,0.735,Peru,148761,273,266.6015625
263,2021-02,18-59,Belize,232769,0,0,0,Belize,NA,4.488046,4.488046
264,2021-02,60+,Belize,30999.5,0,0,0,Belize,NA,9.511954,9.511954
265,2021-03,18-59,Belize,232769,0,0,0,Belize,NA,1.0136931,1.0136931
266,2021-03,60+,Belize,30999.5,0,0,0,Belize,NA,1.9863069,1.9863069
267,2021-04,18-59,Belize,232769,0,0,0,Belize,NA,2.1876702,2.1876702
268,2021-04,60+,Belize,30999.5,0,0,0,Belize,NA,3.8123298,3.8123298
269,2021-05,18-59,Belize,232769,0,0,0,Belize,NA,0.4136471,0.4136471
270,2021-05,60+,Belize,30999.5,0,0,0,Belize,NA,0.5863529,0.5863529
271,2021-06,18-59,Belize,232769,0,0,0,Belize,NA,2.4047252,2.4047252
272,2021-06,60+,Belize,30999.5,0,0,0,Belize,NA,2.5952748,2.5952748
273,2021-07,18-59,Belize,232769,0,0,0,Belize,NA,3.9927781,3.9927781
274,2021-07,60+,Belize,30999.5,0,0,0,Belize,NA,4.0072219,4.0072219
275,2021-08,18-59,Belize,232769,0,0,0,Belize,NA,9.1471075,9.1471075
276,2021-08,60+,Belize,30999.5,0,0,0,Belize,NA,9.8528925,9.8528925
277,2021-09,18-59,Belize,232769,0,0,0,Belize,NA,22.2680474,22.2680474
278,2021-09,60+,Belize,30999.5,0,0,0,Belize,NA,29.7319526,29.7319526
279,2021-10,18-59,Belize,232769,0,0,0,Belize,NA,33.3379379,33.3379379
280,2021-10,60+,Belize,30999.5,0,0,0,Belize,NA,49.6620621,49.6620621
281,2021-11,18-59,Belize,232769,0,0,0,Belize,NA,32.1338653,32.1338653
282,2021-11,60+,Belize,30999.5,0,0,0,Belize,NA,46.8661347,46.8661347
283,2021-12,18-59,Belize,232769,0,0,0,Belize,NA,11.9060565,11.9060565
284,2021-12,60+,Belize,30999.5,0,0,0,Belize,NA,15.0939435,15.0939435
285,2022-01,18-59,Belize,232769,0,0,0,Belize,NA,10.8074758,10.8074758
286,2022-01,60+,Belize,30999.5,0,0,0,Belize,NA,17.1925242,17.1925242
287,2022-02,18-59,Belize,232769,0.123,0.65,0.092,Belize,NA,6.6548425,6.6548425
288,2022-02,60+,Belize,30999.5,0.076,0.732,0.282,Belize,NA,18.3451575,18.3451575
289,2022-03,18-59,Belize,232769,0.115,0.666,0.117,Belize,NA,0.992362,0.992362
290,2022-03,60+,Belize,30999.5,0.072,0.74,0.321,Belize,NA,3.007638,3.007638
291,2022-04,18-59,Belize,232769,0.111,0.676,0.14,Belize,NA,6.4371186,6.4371186
292,2022-04,60+,Belize,30999.5,0.069,0.746,0.355,Belize,NA,15.5628814,15.5628814
293,2022-05,18-59,Belize,232769,0.11,0.678,0.141,Belize,NA,0.2676832,0.2676832
294,2022-05,60+,Belize,30999.5,0.069,0.747,0.358,Belize,NA,0.7323168,0.7323168
295,2021-02,18-59,Bolivia,6687206,0.002029434,0.000928509,0,Bolivia,NA,436.8384266,436.8384266
296,2021-02,60+,Bolivia,922075,0.001348302,0.001352549,0,Bolivia,NA,946.1615734,946.1615734
297,2021-03,18-59,Bolivia,6687206,0.01188617,0.013352278,0,Bolivia,NA,198.4068834,198.4068834
298,2021-03,60+,Bolivia,922075,0.007896854,0.019450117,0,Bolivia,NA,403.5931166,403.5931166
299,2021-04,18-59,Bolivia,6687206,0.052562498,0.028353419,0,Bolivia,NA,245.8859788,245.8859788
300,2021-04,60+,Bolivia,922075,0.03492112,0.041302115,0,Bolivia,NA,463.1140212,463.1140212
301,2021-05,18-59,Bolivia,6687206,0.13635517,0.042766134,0,Bolivia,NA,573.8103101,573.8103101
302,2021-05,60+,Bolivia,922075,0.090590734,0.06229696,0,Bolivia,NA,941.1896899,941.1896899
303,2021-06,18-59,Bolivia,6687206,0.163870248,0.086183849,0,Bolivia,NA,954.5651905,954.5651905
304,2021-06,60+,Bolivia,922075,0.108871017,0.125543071,0,Bolivia,NA,1241.43481,1241.43481
305,2021-07,18-59,Bolivia,6687206,0.205442744,0.198796181,0,Bolivia,NA,494.2533955,494.2533955
306,2021-07,60+,Bolivia,922075,0.136490673,0.289584222,0,Bolivia,NA,658.7466045,658.7466045
307,2021-08,18-59,Bolivia,6687206,0.17342877,0.335666036,0,Bolivia,NA,248.5078446,248.5078446
308,2021-08,60+,Bolivia,922075,0.115221444,0.488961043,0,Bolivia,NA,378.4921554,378.4921554
309,2021-09,18-59,Bolivia,6687206,0.162,0.36,0,Bolivia,NA,104.1603552,104.1603552
310,2021-09,60+,Bolivia,922075,0.108,0.524,0,Bolivia,NA,200.8396448,200.8396448
311,2021-10,18-59,Bolivia,6687206,0.121,0.442,0,Bolivia,NA,66.7377741,66.7377741
312,2021-10,60+,Bolivia,922075,0.062,0.587,0,Bolivia,NA,141.2622259,141.2622259
313,2021-11,18-59,Bolivia,6687206,0.087,0.519,0.029,Bolivia,NA,77.0940065,77.0940065
314,2021-11,60+,Bolivia,922075,0.05,0.625,0.142,Bolivia,NA,159.9059935,159.9059935
315,2021-12,18-59,Bolivia,6687206,0.088,0.546,0.047,Bolivia,NA,175.0270575,175.0270575
316,2021-12,60+,Bolivia,922075,0.049,0.643,0.179,Bolivia,NA,313.9729425,313.9729425
317,2022-01,18-59,Bolivia,6687206,0.13,0.586,0.088,Bolivia,NA,359.4122272,359.4122272
318,2022-01,60+,Bolivia,922075,0.088,0.671,0.238,Bolivia,NA,881.5877728,881.5877728
319,2022-02,18-59,Bolivia,6687206,0.119,0.609,0.111,Bolivia,NA,143.7071575,143.7071575
320,2022-02,60+,Bolivia,922075,0.078,0.691,0.27,Bolivia,NA,397.2928425,397.2928425
321,2022-03,18-59,Bolivia,6687206,0.116,0.618,0.136,Bolivia,NA,114.1104581,114.1104581
322,2022-03,60+,Bolivia,922075,0.076,0.699,0.311,Bolivia,NA,347.8895419,347.8895419
323,2022-04,18-59,Bolivia,6687206,0.115,0.624,0.151,Bolivia,NA,4.6537451,4.6537451
324,2022-04,60+,Bolivia,922075,0.075,0.706,0.312,Bolivia,NA,11.3462549,11.3462549
325,2022-05,18-59,Bolivia,6687206,0.115,0.626,0.157,Bolivia,NA,9.8324437,9.8324437
326,2022-05,60+,Bolivia,922075,0.075,0.709,0.318,Bolivia,NA,27.1675563,27.1675563
327,2020-12,18-59,Costa Rica,3082963,1.53E-05,0,0,Costa Rica,NA,NA,NA
328,2020-12,60+,Costa Rica,792604.5,7.74E-07,0,0,Costa Rica,NA,NA,NA
329,2021-01,18-59,Costa Rica,3082963,0.012726106,0.000514137,0,Costa Rica,NA,NA,NA
330,2021-01,60+,Costa Rica,792604.5,0.000643546,0.000973263,0,Costa Rica,NA,NA,NA
331,2021-02,18-59,Costa Rica,3082963,0.003658822,0.009348551,0,Costa Rica,NA,42.8076206,42.8076206
332,2021-02,60+,Costa Rica,792604.5,0.000185023,0.017696827,0,Costa Rica,NA,153.1923794,153.1923794
333,2021-03,18-59,Costa Rica,3082963,0.017771778,0.034034365,0,Costa Rica,NA,34.3839867,34.3839867
334,2021-03,60+,Costa Rica,792604.5,0.000898701,0.064427127,0,Costa Rica,NA,114.6160133,114.6160133
335,2021-04,18-59,Costa Rica,3082963,0.071968057,0.059505295,0,Costa Rica,NA,63.7101704,63.7101704
336,2021-04,60+,Costa Rica,792604.5,0.003639351,0.112643653,0,Costa Rica,NA,189.2898296,189.2898296
337,2021-05,18-59,Costa Rica,3082963,0.077189138,0.125356289,0,Costa Rica,NA,227.8492838,227.8492838
338,2021-05,60+,Costa Rica,792604.5,0.003903376,0.23729973,0,Costa Rica,NA,563.1507162,563.1507162
339,2021-06,18-59,Costa Rica,3082963,0.227770493,0.172263201,0,Costa Rica,NA,225.4753065,225.4753065
340,2021-06,60+,Costa Rica,792604.5,0.011518122,0.326094616,0,Costa Rica,NA,429.5246935,429.5246935
341,2021-07,18-59,Costa Rica,3082963,0.479480778,0.180742114,0,Costa Rica,NA,130.4264989,130.4264989
342,2021-07,60+,Costa Rica,792604.5,0.024246854,0.342145217,0,Costa Rica,NA,234.5735011,234.5735011
343,2021-08,18-59,Costa Rica,3082963,0.512179635,0.258976152,0,Costa Rica,NA,148.4346463,148.4346463
344,2021-08,60+,Costa Rica,792604.5,0.025900402,0.490242424,0,Costa Rica,NA,309.5653537,309.5653537
345,2021-09,18-59,Costa Rica,3082963,0.353,0.426,0,Costa Rica,NA,203.6779126,203.6779126
346,2021-09,60+,Costa Rica,792604.5,0.017,0.806,0,Costa Rica,NA,641.3220874,641.3220874
347,2021-10,18-59,Costa Rica,3082963,0.312,0.539,0,Costa Rica,NA,151.5953495,151.5953495
348,2021-10,60+,Costa Rica,792604.5,0.022,0.811,0,Costa Rica,NA,561.4046505,561.4046505
349,2021-11,18-59,Costa Rica,3082963,0.256,0.646,0,Costa Rica,NA,56.9896745,56.9896745
350,2021-11,60+,Costa Rica,792604.5,0.022,0.821,0,Costa Rica,NA,206.0103255,206.0103255
351,2021-12,18-59,Costa Rica,3082963,0.256,0.646,0,Costa Rica,NA,15.5556787,15.5556787
352,2021-12,60+,Costa Rica,792604.5,0.022,0.821,0,Costa Rica,NA,46.4443213,46.4443213
353,2022-01,18-59,Costa Rica,3082963,0.09,0.857,0.035,Costa Rica,NA,37.9477548,37.9477548
354,2022-01,60+,Costa Rica,792604.5,0.011,0.843,0.555,Costa Rica,NA,155.0522452,155.0522452
355,2022-02,18-59,Costa Rica,3082963,0.081,0.87,0.047,Costa Rica,NA,80.3350357,80.3350357
356,2022-02,60+,Costa Rica,792604.5,0.008,0.847,0.589,Costa Rica,NA,385.6649643,385.6649643
357,2022-03,18-59,Costa Rica,3082963,0.081,0.87,0.047,Costa Rica,NA,42.3590141,42.3590141
358,2022-03,60+,Costa Rica,792604.5,0.008,0.847,0.589,Costa Rica,NA,232.6409859,232.6409859
359,2022-04,18-59,Costa Rica,3082963,0.06,0.904,0.469,Costa Rica,NA,23.1900909,23.1900909
360,2022-04,60+,Costa Rica,792604.5,0.007,0.851,0.697,Costa Rica,NA,93.8099091,93.8099091
361,2022-05,18-59,Costa Rica,3082963,0.06,0.904,0.469,Costa Rica,NA,15.6055457,15.6055457
362,2022-05,60+,Costa Rica,792604.5,0.007,0.851,0.697,Costa Rica,NA,74.3944543,74.3944543
363,2021-01,18-59,Ecuador,10246326,0.000547991,0,0,Ecuador,NA,NA,NA
364,2021-01,60+,Ecuador,1967790.5,0.000478225,0,0,Ecuador,NA,NA,NA
365,2021-02,18-59,Ecuador,10246326,0.004875379,0.00056325,0,Ecuador,NA,231.9929938,231.9929938
366,2021-02,60+,Ecuador,1967790.5,0.004254683,0.000403268,0,Ecuador,NA,630.0070062,630.0070062
367,2021-03,18-59,Ecuador,10246326,0.025567681,0.005847711,0,Ecuador,NA,300.0639557,300.0639557
368,2021-03,60+,Ecuador,1967790.5,0.022312599,0.004186768,0,Ecuador,NA,766.9360443,766.9360443
369,2021-04,18-59,Ecuador,10246326,0.076615234,0.021747751,0,Ecuador,NA,522.4099634,522.4099634
370,2021-04,60+,Ecuador,1967790.5,0.066861165,0.015570671,0,Ecuador,NA,1249.590037,1249.590037
371,2021-05,18-59,Ecuador,10246326,0.100431924,0.068406509,0,Ecuador,NA,667.3709983,667.3709983
372,2021-05,60+,Ecuador,1967790.5,0.087645696,0.048976799,0,Ecuador,NA,1325.629002,1325.629002
373,2021-06,18-59,Ecuador,10246326,0.147292908,0.124985715,0,Ecuador,NA,387.0393626,387.0393626
374,2021-06,60+,Ecuador,1967790.5,0.128540696,0.08948564,0,Ecuador,NA,612.9606374,612.9606374
375,2021-07,18-59,Ecuador,10246326,0.580016112,0.212101368,0,Ecuador,NA,2988.091169,2988.091169
376,2021-07,60+,Ecuador,1967790.5,0.506172873,0.151857568,0,Ecuador,NA,7057.908831,7057.908831
377,2021-08,18-59,Ecuador,10246326,0.153635949,0.759027522,0,Ecuador,NA,221.8060634,221.8060634
378,2021-08,60+,Ecuador,1967790.5,0.134076188,0.543438616,0,Ecuador,NA,431.1939366,431.1939366
379,2021-09,18-59,Ecuador,10246326,0.098,0.84,0,Ecuador,NA,152.0357357,152.0357357
380,2021-09,60+,Ecuador,1967790.5,0.086,0.601,0,Ecuador,NA,365.9642643,365.9642643
381,2021-10,18-59,Ecuador,10246326,0.098,0.84,0,Ecuador,NA,54.7997533,54.7997533
382,2021-10,60+,Ecuador,1967790.5,0.036,0.862,0,Ecuador,NA,161.2002467,161.2002467
383,2021-11,18-59,Ecuador,10246326,0.075,0.84,0.011,Ecuador,NA,66.1381112,66.1381112
384,2021-11,60+,Ecuador,1967790.5,0.035,0.869,0.068,Ecuador,NA,189.8618888,189.8618888
385,2021-12,18-59,Ecuador,10246326,0.066,0.84,0.038,Ecuador,NA,127.2975669,127.2975669
386,2021-12,60+,Ecuador,1967790.5,0.029,0.884,0.305,Ecuador,NA,307.7024331,307.7024331
387,2022-01,18-59,Ecuador,10246326,0.064,0.848,0.133,Ecuador,NA,198.8119166,198.8119166
388,2022-01,60+,Ecuador,1967790.5,0.033,0.894,0.515,Ecuador,NA,645.1880834,645.1880834
389,2022-02,18-59,Ecuador,10246326,0.062,0.856,0.22,Ecuador,NA,154.4086193,154.4086193
390,2022-02,60+,Ecuador,1967790.5,0.03,0.899,0.587,Ecuador,NA,576.5913807,576.5913807
391,2022-03,18-59,Ecuador,10246326,0.057,0.865,0.36,Ecuador,NA,34.1605937,34.1605937
392,2022-03,60+,Ecuador,1967790.5,0.028,0.903,0.651,Ecuador,NA,142.8394063,142.8394063
393,2022-04,18-59,Ecuador,10246326,0.055,0.869,0.415,Ecuador,NA,39.6416404,39.6416404
394,2022-04,60+,Ecuador,1967790.5,0.027,0.905,0.676,Ecuador,NA,127.3583596,127.3583596
395,2022-05,18-59,Ecuador,10246326,0.053,0.871,0.435,Ecuador,NA,9.3528221,9.3528221
396,2022-05,60+,Ecuador,1967790.5,0.027,0.905,0.685,Ecuador,NA,34.6471779,34.6471779
397,2021-02,18-59,El Salvador,3623261,0.00304104,0,0,El Salvador,NA,61.1209043,61.1209043
398,2021-02,60+,El Salvador,723454,0,0,0,El Salvador,NA,171.8790957,171.8790957
399,2021-03,18-59,El Salvador,3623261,0.01897894,0,0,El Salvador,NA,44.4634693,44.4634693
400,2021-03,60+,El Salvador,723454,0,0,0,El Salvador,NA,114.5365307,114.5365307
401,2021-04,18-59,El Salvador,3623261,0.14521251,0.015523977,0,El Salvador,NA,34.9248648,34.9248648
402,2021-04,60+,El Salvador,723454,0,0.018114376,0,El Salvador,NA,79.0751352,79.0751352
403,2021-05,18-59,El Salvador,3623261,0.06766504,0.16062829,0,El Salvador,NA,42.2626774,42.2626774
404,2021-05,60+,El Salvador,723454,0,0.187431431,0,El Salvador,NA,82.7373226,82.7373226
405,2021-06,18-59,El Salvador,3623261,0.094378486,0.222872162,0,El Salvador,NA,52.1355815,52.1355815
406,2021-06,60+,El Salvador,723454,0,0.260061588,0,El Salvador,NA,78.8644185,78.8644185
407,2021-07,18-59,El Salvador,3623261,0.253597456,0.304413817,0,El Salvador,NA,96.3206446,96.3206446
408,2021-07,60+,El Salvador,723454,0,0.355209642,0,El Salvador,NA,140.6793554,140.6793554
409,2021-08,18-59,El Salvador,3623261,0.148536747,0.564521421,0,El Salvador,NA,105.8933837,105.8933837
410,2021-08,60+,El Salvador,723454,0,0.65871994,0,El Salvador,NA,190.1066163,190.1066163
411,2021-09,18-59,El Salvador,3623261,0.07,0.671,0,El Salvador,NA,91.3841681,91.3841681
412,2021-09,60+,El Salvador,723454,0,0.782,0,El Salvador,NA,221.6158319,221.6158319
413,2021-10,18-59,El Salvador,3623261,0.092,0.716,0.018,El Salvador,NA,105.2173649,105.2173649
414,2021-10,60+,El Salvador,723454,0,0.805,0.096,El Salvador,NA,294.7826351,294.7826351
415,2021-11,18-59,El Salvador,3623261,0.054,0.783,0.099,El Salvador,NA,39.6092766,39.6092766
416,2021-11,60+,El Salvador,723454,0.019,0.829,0.401,El Salvador,NA,112.3907234,112.3907234
417,2021-12,18-59,El Salvador,3623261,0.054,0.783,0.099,El Salvador,NA,14.444936,14.444936
418,2021-12,60+,El Salvador,723454,0.019,0.829,0.401,El Salvador,NA,34.555064,34.555064
419,2022-01,18-59,El Salvador,3623261,0.054,0.783,0.099,El Salvador,NA,16.3071367,16.3071367
420,2022-01,60+,El Salvador,723454,0.019,0.829,0.401,El Salvador,NA,51.6928633,51.6928633
421,2022-02,18-59,El Salvador,3623261,0.046,0.803,0.229,El Salvador,NA,39.4799077,39.4799077
422,2022-02,60+,El Salvador,723454,0.019,0.829,0.343,El Salvador,NA,137.5200923,137.5200923
423,2022-03,18-59,El Salvador,3623261,0.046,0.808,0.262,El Salvador,NA,9.8151972,9.8151972
424,2022-03,60+,El Salvador,723454,0.016,0.842,0.513,El Salvador,NA,40.1848028,40.1848028
425,2022-04,18-59,El Salvador,3623261,0.046,0.808,0.262,El Salvador,NA,2.4061713,2.4061713
426,2022-04,60+,El Salvador,723454,0.016,0.842,0.513,El Salvador,NA,7.5938287,7.5938287
427,2022-05,18-59,El Salvador,3623261,0.046,0.808,0.262,El Salvador,NA,0.8632247,0.8632247
428,2022-05,60+,El Salvador,723454,0.016,0.842,0.513,El Salvador,NA,3.1367753,3.1367753
429,2021-02,18-59,Guatemala,9427040,0.000206682,0,0,Guatemala,NA,241.0841381,241.0841381
430,2021-02,60+,Guatemala,1251796,0.000157172,0,0,Guatemala,NA,514.9158619,514.9158619
431,2021-03,18-59,Guatemala,9427040,0.009830507,9.12E-05,0,Guatemala,NA,150.9615883,150.9615883
432,2021-03,60+,Guatemala,1251796,0.007475645,0.000226451,0,Guatemala,NA,298.0384117,298.0384117
433,2021-04,18-59,Guatemala,9427040,0.015523189,0.000145236,0,Guatemala,NA,244.908449,244.908449
434,2021-04,60+,Guatemala,1251796,0.011804666,0.000360574,0,Guatemala,NA,432.091551,432.091551
435,2021-05,18-59,Guatemala,9427040,0.033260034,0.005981858,0,Guatemala,NA,258.424488,258.424488
436,2021-05,60+,Guatemala,1251796,0.025292714,0.014850989,0,Guatemala,NA,378.575512,378.575512
437,2021-06,18-59,Guatemala,9427040,0.058361883,0.012276839,0,Guatemala,NA,470.9297085,470.9297085
438,2021-06,60+,Guatemala,1251796,0.044381507,0.030479359,0,Guatemala,NA,539.0702915,539.0702915
439,2021-07,18-59,Guatemala,9427040,0.13835867,0.025682971,0,Guatemala,NA,511.6218779,511.6218779
440,2021-07,60+,Guatemala,1251796,0.105215357,0.063762382,0,Guatemala,NA,589.3781221,589.3781221
441,2021-08,18-59,Guatemala,9427040,0.195044513,0.095971275,0,Guatemala,NA,684.0665214,684.0665214
442,2021-08,60+,Guatemala,1251796,0.148322313,0.238265156,0,Guatemala,NA,953.9334786,953.9334786
443,2021-09,18-59,Guatemala,9427040,0.194,0.155,0,Guatemala,NA,573.1496401,573.1496401
444,2021-09,60+,Guatemala,1251796,0.147,0.386,0,Guatemala,NA,1065.85036,1065.85036
445,2021-10,18-59,Guatemala,9427040,0.183,0.227,0,Guatemala,NA,486.1999251,486.1999251
446,2021-10,60+,Guatemala,1251796,0.116,0.447,0,Guatemala,NA,1008.800075,1008.800075
447,2021-11,18-59,Guatemala,9427040,0.175,0.278,0,Guatemala,NA,299.4528468,299.4528468
448,2021-11,60+,Guatemala,1251796,0.105,0.481,0,Guatemala,NA,608.5471532,608.5471532
449,2021-12,18-59,Guatemala,9427040,0.141,0.369,0,Guatemala,NA,63.3529747,63.3529747
450,2021-12,60+,Guatemala,1251796,0.086,0.53,0,Guatemala,NA,110.6470253,110.6470253
451,2022-01,18-59,Guatemala,9427040,0.129,0.406,0.075,Guatemala,NA,84.3906229,84.3906229
452,2022-01,60+,Guatemala,1251796,0.071,0.547,0.188,Guatemala,NA,186.6093771,186.6093771
453,2022-02,18-59,Guatemala,9427040,0.122,0.433,0.132,Guatemala,NA,168.2971814,168.2971814
454,2022-02,60+,Guatemala,1251796,0.067,0.563,0.282,Guatemala,NA,419.7028186,419.7028186
455,2022-03,18-59,Guatemala,9427040,0.119,0.456,0.181,Guatemala,NA,89.111353,89.111353
456,2022-03,60+,Guatemala,1251796,0.066,0.576,0.338,Guatemala,NA,244.888647,244.888647
457,2022-04,18-59,Guatemala,9427040,0.117,0.466,0.2,Guatemala,NA,77.6923307,77.6923307
458,2022-04,60+,Guatemala,1251796,0.065,0.582,0.356,Guatemala,NA,172.3076693,172.3076693
459,2022-05,18-59,Guatemala,9427040,0.117,0.476,0.224,Guatemala,NA,163.2176749,163.2176749
460,2022-05,60+,Guatemala,1251796,0.065,0.588,0.381,Guatemala,NA,408.7823251,408.7823251
461,2021-02,18-59,Honduras,5820614.5,0,0,0,Honduras,NA,182.4011186,182.4011186
462,2021-02,60+,Honduras,673334,0,0,0,Honduras,NA,359.5988814,359.5988814
463,2021-03,18-59,Honduras,5820614.5,0,0,0,Honduras,NA,165.6048011,165.6048011
464,2021-03,60+,Honduras,673334,0,0,0,Honduras,NA,302.3951989,302.3951989
465,2021-04,18-59,Honduras,5820614.5,0,0,0,Honduras,1850.1,242.8039243,242.8039243
466,2021-04,60+,Honduras,673334,0,0,0,Honduras,3116.1,395.1960757,395.1960757
467,2021-05,18-59,Honduras,5820614.5,0,0,0,Honduras,671.1,460.9670837,460.9670837
468,2021-05,60+,Honduras,673334,0,0,0,Honduras,1400,612.0329163,612.0329163
469,2021-06,18-59,Honduras,5820614.5,0,0,0,Honduras,NA,311.0617476,311.0617476
470,2021-06,60+,Honduras,673334,0,0,0,Honduras,NA,314.9382524,314.9382524
471,2021-07,18-59,Honduras,5820614.5,0,0,0,Honduras,NA,448.6137591,448.6137591
472,2021-07,60+,Honduras,673334,0,0,0,Honduras,NA,422.3862409,422.3862409
473,2021-08,18-59,Honduras,5820614.5,0,0,0,Honduras,NA,516.7834558,516.7834558
474,2021-08,60+,Honduras,673334,0,0,0,Honduras,NA,522.2165442,522.2165442
475,2021-09,18-59,Honduras,5820614.5,0,0,0,Honduras,NA,409.9877348,409.9877348
476,2021-09,60+,Honduras,673334,0,0,0,Honduras,NA,513.0122652,513.0122652
477,2021-10,18-59,Honduras,5820614.5,0,0,0,Honduras,NA,202.5459995,202.5459995
478,2021-10,60+,Honduras,673334,0,0,0,Honduras,NA,282.4540005,282.4540005
479,2021-11,18-59,Honduras,5820614.5,0.039,0.194,0,Honduras,NA,54.6711322,54.6711322
480,2021-11,60+,Honduras,673334,0.108,0.571,0,Honduras,NA,108.3288678,108.3288678
481,2021-12,18-59,Honduras,5820614.5,0.039,0.194,0,Honduras,NA,11.4580025,11.4580025
482,2021-12,60+,Honduras,673334,0.108,0.571,0,Honduras,NA,19.5419975,19.5419975
483,2022-01,18-59,Honduras,5820614.5,0.039,0.194,0,Honduras,NA,22.0240445,22.0240445
484,2022-01,60+,Honduras,673334,0.108,0.571,0,Honduras,NA,47.9759555,47.9759555
485,2022-02,18-59,Honduras,5820614.5,0.039,0.194,0,Honduras,NA,78.5912541,78.5912541
486,2022-02,60+,Honduras,673334,0.108,0.571,0,Honduras,NA,192.4087459,192.4087459
487,2022-03,18-59,Honduras,5820614.5,0,0.346,0.172,Honduras,NA,28.6394445,28.6394445
488,2022-03,60+,Honduras,673334,0.07,0.66,0.38,Honduras,NA,76.3605555,76.3605555
489,2022-04,18-59,Honduras,5820614.5,0.025,0.346,0.186,Honduras,NA,4.1200866,4.1200866
490,2022-04,60+,Honduras,673334,0.069,0.664,0.421,Honduras,NA,8.8799134,8.8799134
491,2022-05,18-59,Honduras,5820614.5,0.025,0.346,0.186,Honduras,NA,1.7527127,1.7527127
492,2022-05,60+,Honduras,673334,0.069,0.664,0.421,Honduras,NA,4.2472873,4.2472873
493,2021-02,18-59,Venezuela,15088111.5,9.78E-06,0,0,Venezuela,NA,38.0521374,38.0521374
494,2021-02,60+,Venezuela,3552172,0,0,0,Venezuela,NA,122.9478626,122.9478626
495,2021-03,18-59,Venezuela,15088111.5,0.000885832,0,0,Venezuela,NA,60.6275275,60.6275275
496,2021-03,60+,Venezuela,3552172,0,0,0,Venezuela,NA,178.3724725,178.3724725
497,2021-04,18-59,Venezuela,15088111.5,0.015570406,0,0,Venezuela,NA,146.361317,146.361317
498,2021-04,60+,Venezuela,3552172,0,0,0,Venezuela,NA,375.638683,375.638683
499,2021-05,18-59,Venezuela,15088111.5,0.019680993,0,0,Venezuela,NA,169.981291,169.981291
500,2021-05,60+,Venezuela,3552172,0,0,0,Venezuela,NA,346.018709,346.018709
501,2021-06,18-59,Venezuela,15088111.5,0.062236281,0.013976108,0,Venezuela,NA,186.0612113,186.0612113
502,2021-06,60+,Venezuela,3552172,0,0,0,Venezuela,NA,282.9387887,282.9387887
503,2021-07,18-59,Venezuela,15088111.5,0.11210692,0.068676208,0,Venezuela,NA,196.6489635,196.6489635
504,2021-07,60+,Venezuela,3552172,0,0,0,Venezuela,NA,277.3510365,277.3510365
505,2021-08,18-59,Venezuela,15088111.5,0.16627468,0.20831036,0,Venezuela,NA,174.7682969,174.7682969
506,2021-08,60+,Venezuela,3552172,0,0,0,Venezuela,NA,265.2317031,265.2317031
507,2021-09,18-59,Venezuela,15088111.5,0.085,0.236,0,Venezuela,NA,153.0825123,153.0825123
508,2021-09,60+,Venezuela,3552172,0,0,0,Venezuela,NA,291.9174877,291.9174877
509,2021-10,18-59,Venezuela,15088111.5,0.153,0.334,0,Venezuela,NA,136.8148591,136.8148591
510,2021-10,60+,Venezuela,3552172,0,0,0,Venezuela,NA,294.1851409,294.1851409
511,2021-11,18-59,Venezuela,15088111.5,0.294,0.423,0,Venezuela,NA,85.1483833,85.1483833
512,2021-11,60+,Venezuela,3552172,0,0,0,Venezuela,NA,178.8516167,178.8516167
513,2021-12,18-59,Venezuela,15088111.5,0.358,0.451,0,Venezuela,NA,65.2832409,65.2832409
514,2021-12,60+,Venezuela,3552172,0,0,0,Venezuela,NA,117.7167591,117.7167591
515,2022-01,18-59,Venezuela,15088111.5,0.358,0.451,0,Venezuela,NA,34.7018529,34.7018529
516,2022-01,60+,Venezuela,3552172,0,0,0,Venezuela,NA,80.2981471,80.2981471
517,2022-02,18-59,Venezuela,15088111.5,0.279,0.58,0.027,Venezuela,NA,35.0089926,35.0089926
518,2022-02,60+,Venezuela,3552172,0.203,0.422,0.066,Venezuela,NA,159.9910074,159.9910074
519,2022-03,18-59,Venezuela,15088111.5,0.279,0.58,0.027,Venezuela,NA,8.0586647,8.0586647
520,2022-03,60+,Venezuela,3552172,0.203,0.422,0.066,Venezuela,NA,41.9413353,41.9413353
521,2022-04,18-59,Venezuela,15088111.5,0.279,0.58,0.027,Venezuela,NA,5.3426485,5.3426485
522,2022-04,60+,Venezuela,3552172,0.203,0.422,0.066,Venezuela,NA,20.6573515,20.6573515
523,2022-05,18-59,Venezuela,15088111.5,0.279,0.58,0.027,Venezuela,NA,2.5294574,2.5294574
524,2022-05,60+,Venezuela,3552172,0.203,0.422,0.066,Venezuela,NA,11.4705426,11.4705426
525,2020-12,18-59,Mexico,73472577,0.000238707,0,0,Mexico,55866,8072,NA
526,2020-12,60+,Mexico,15088323.5,0.000181675,0,0,Mexico,92935,15425,NA
527,2021-01,18-59,Mexico,73472577,0.006030081,0.000434573,0,Mexico,69130,13264,NA
528,2021-01,60+,Mexico,15088323.5,0.004589374,0.00050294,0,Mexico,118212,25277,NA
529,2021-02,18-59,Mexico,73472577,0.012645319,0.005872508,0,Mexico,76812,7682,6437.091137
530,2021-02,60+,Mexico,15088323.5,0.009624098,0.006796377,0,Mexico,133487,15275,18355.90886
531,2021-03,18-59,Mexico,73472577,0.056906364,0.009823526,0,Mexico,81047,4235,3778.239121
532,2021-03,60+,Mexico,15088323.5,0.04331029,0.011368973,0,Mexico,141920,8433,9863.760879
533,2021-04,18-59,Mexico,73472577,0.048103277,0.077276728,0,Mexico,83681,2634,2391.708033
534,2021-04,60+,Mexico,15088323.5,0.036610438,0.089433982,0,Mexico,146574,4654,5484.291967
535,2021-05,18-59,Mexico,73472577,0.089586504,0.128945303,0,Mexico,85592,1911,1470.077929
536,2021-05,60+,Mexico,15088323.5,0.068182488,0.149231111,0,Mexico,148455,1881,2697.922071
537,2021-06,18-59,Mexico,73472577,0.11405745,0.203215707,0,Mexico,87333,1741,1299.07154
538,2021-06,60+,Mexico,15088323.5,0.086806834,0.235185812,0,Mexico,149645,1190,1793.92846
539,2021-07,18-59,Mexico,73472577,0.201851034,0.267209921,0,Mexico,91867,4534,3478.082023
540,2021-07,60+,Mexico,15088323.5,0.153624767,0.30924766,0,Mexico,153180,3535,4459.917977
541,2021-08,18-59,Mexico,73472577,0.227998584,0.35231946,0,Mexico,101600,9733,9336.457938
542,2021-08,60+,Mexico,15088323.5,0.173525142,0.40774672,0,Mexico,164236,11056,12867.54206
543,2021-09,18-59,Mexico,73472577,0.175138181,0.473318256,0,Mexico,107268,5668,6325.84215
544,2021-09,60+,Mexico,15088323.5,0.133294151,0.547781171,0,Mexico,173158,8922,10897.15785
545,2021-10,18-59,Mexico,73472577,0.134089426,0.629036423,0,Mexico,109080,1812,2917.590484
546,2021-10,60+,Mexico,15088323.5,0.102052769,0.72799708,0,Mexico,176658,3500,5645.409516
547,2021-11,18-59,Mexico,73472577,0.112741104,0.675495099,0,Mexico,NA,1497.731198,1497.731198
548,2021-11,60+,Mexico,15088323.5,0.08580499,0.781764683,0,Mexico,NA,2833.268802,2833.268802
549,2021-12,18-59,Mexico,73472577,0.087236779,0.755899989,0,Mexico,NA,1444.090257,1444.090257
550,2021-12,60+,Mexico,15088323.5,0.06639416,0.874818953,0,Mexico,NA,2355.909743,2355.909743
551,2022-01,18-59,Mexico,73472577,0.061697332,0.801381722,0,Mexico,NA,2939.98656,2939.98656
552,2022-01,60+,Mexico,15088323.5,0.0469566,0.92745592,0,Mexico,NA,6105.01344,6105.01344
553,2022-02,18-59,Mexico,73472577,0.132,0.801381722,0,Mexico,NA,2113.614306,2113.614306
554,2022-02,60+,Mexico,15088323.5,0.101,0.92745592,0,Mexico,NA,8648.385694,8648.385694
555,2022-03,18-59,Mexico,73472577,0.108,0.801381722,0,Mexico,NA,344.6777925,344.6777925
556,2022-03,60+,Mexico,15088323.5,0.101,0.92745592,0,Mexico,NA,1591.322208,1591.322208
557,2022-04,18-59,Mexico,73472577,0.108,0.801381722,0,Mexico,NA,77.5998831,77.5998831
558,2022-04,60+,Mexico,15088323.5,0.101,0.92745592,0,Mexico,NA,271.4001169,271.4001169
559,2022-05,18-59,Mexico,73472577,0.12,0.801381722,0,Mexico,NA,32.4052889,32.4052889
560,2022-05,60+,Mexico,15088323.5,0.107,0.92745592,0,Mexico,NA,133.5947111,133.5947111