"","Country","Month_Yr","Age_Cat","Country.x","Population","Partly_vaccinated_byAge","Fully_vaccinated_byAge","Booster_vaccinated_byAge","Deaths3","Deaths_noncum","Deaths_WHO","Deaths_Counterfactual_high2","Deaths_Counterfactual_low2","Deaths_Counterfactual_average"
"1","Argentina","2020-12","18-59","Argentina",25328018,0.00154544466711606,1.91520120064301e-07,0,6600,895.238095238095,NA,896.10380670158,895.726868146788,896.004547924512
"2","Argentina","2020-12","60+","Argentina",7279916.5,0.000357315948552786,2.9159347307345e-07,0,39659,5677.77777777778,NA,5679.27491861767,5678.09732439664,5678.84644399879
"3","Argentina","2021-01","18-59","Argentina",25328018,0.0102339313085276,0.00280637167931935,0,7313,1131.74603174603,NA,1142.07983079738,1138.022565039,1140.92470780535
"4","Argentina","2021-01","60+","Argentina",7279916.5,0.00236614545362819,0.0042727608171557,0,44200,7207.93650793651,NA,7249.57191095581,7229.5268714979,7241.93939875182
"5","Argentina","2021-02","18-59","Argentina",25328018,0.0234669214909585,0.00842825328368684,0,7817,800,NA,818.524456943657,811.357527919071,816.44217388912
"6","Argentina","2021-02","60+","Argentina",7279916.5,0.00542569105874426,0.0128321956257538,0,47480,5206.34920634921,NA,5291.05728433249,5252.06918932695,5276.08423890537
"7","Argentina","2021-03","18-59","Argentina",25328018,0.101867016703003,0.0194110840088428,0,8394,915.873015873016,"  725.2498092",997.694283021698,963.184414570182,987.832092039746
"8","Argentina","2021-03","60+","Argentina",7279916.5,0.023552256819003,0.0295537899639925,0,50834,5323.80952380952," 4215.7501908",5574.7885134085,5442.36949573802,5524.0916987596
"9","Argentina","2021-04","18-59","Argentina",25328018,0.224576662614652,0.0278643169881894,0,10159,2801.5873015873," 2345.5343828",3362.00774835697,3106.54973665625,3287.96391600624
"10","Argentina","2021-04","60+","Argentina",7279916.5,0.0519234527980334,0.0424240177098771,0,58725,12525.3968253968,"10486.4656172",13584.6823360288,12967.7995433942,13347.2308471897
"11","Argentina","2021-05","18-59","Argentina",25328018,0.250240711577891,0.0820323082261986,0,14333,6625.39682539683," 4478.0330745",8648.45090117333,7739.52349224747,8366.41231036277
"12","Argentina","2021-05","60+","Argentina",7279916.5,0.0578571327246771,0.124895941229977,0,70394,18522.2222222222,"12518.9669255",22038.2827507078,20254.3739727507,21321.7416065172
"13","Argentina","2021-06","18-59","Argentina",25328018,0.471182376913577,0.118111196764117,0,19512,8220.63492063492," 4218.0128954",13841.8777720355,10908.5838332377,12864.470713423
"14","Argentina","2021-06","60+","Argentina",7279916.5,0.10894015265031,0.179826819562079,0,80957,16766.6666666667," 8602.9871046",22314.1047440718,19209.2719184593,21024.8417348325
"15","Argentina","2021-07","18-59","Argentina",25328018,0.655523868857069,0.201712793494106,0,22355,4512.69841269841," 2243.2949672",11290.8071271089,7142.16729096721,9682.66349007497
"16","Argentina","2021-07","60+","Argentina",7279916.5,0.151560995992661,0.307112036054209,0,87254,9995.2380952381," 4968.7050328",16635.3663354941,12680.2514440014,14868.2190380935
"17","Argentina","2021-08","18-59","Argentina",25328018,0.52744912269587,0.377671602842993,0,23578,1941.26984126984,"  910.3026120",6193.34208659945,3480.54312621784,5008.20957350617
"18","Argentina","2021-08","60+","Argentina",7279916.5,0.121949357100636,0.575013081222126,0,90740,5533.33333333333," 2594.6973880",14878.1083274375,8797.78838757591,11736.2409540079
"19","Argentina","2021-09","18-59","Argentina",25328018,0.296,0.575,0,23943,579.365079365079,"  223.4031746",2132.95933498418,1145.75562206588,1663.65372140787
"20","Argentina","2021-09","60+","Argentina",7279916.5,0.068,0.875,0,91950,1920.63492063492,"  740.5968254",14674.3293346392,4232.11403679603,7456.40192495951
"21","Argentina","2021-10","18-59","Argentina",25328018,0.223,0.664,0,24039,152.380952380952,"   71.1762014",653.588763992161,323.465316279838,486.651351140332
"22","Argentina","2021-10","60+","Argentina",7279916.5,0.058,0.888,0,92291,541.269841269841,"  252.8237986",4292.8623421303,1209.70914689821,2144.97494392495
"23","Argentina","2021-11","18-59","Argentina",25328018,0.14,0.777,0.02,24105,104.761904761905,"   76.7300613",590.75706860972,249.829264409527,401.827232627904
"24","Argentina","2021-11","60+","Argentina",7279916.5,0.0410000000000001,0.911,0.098,92551,412.698412698413,"  302.2699387",3691.56413702234,1011.99443044973,1784.98758980513
"25","Argentina","2021-12","18-59","Argentina",25328018,0.123,0.806,0.035,24208,163.492063492063,"  159.4944356",1022.59234108121,406.3499638171,670.939810667039
"26","Argentina","2021-12","60+","Argentina",7279916.5,0.0369999999999999,0.919,0.165,93077,834.920634920635,"  814.5055644",8056.20227255357,2172.89745010484,3812.72591941385
"27","Argentina","2022-01","18-59","Argentina",25328018,0.106,0.845,0.047,25029,1303.1746031746,"  954.0947177",9790.20812241456,3436.29753129856,5963.6454141666
"28","Argentina","2022-01","60+","Argentina",7279916.5,0.0339999999999999,0.929,0.23,98844,9153.96825396825," 6701.9052823",98453.0561419718,25436.5924016969,44685.4156039643
"29","Argentina","2022-02","18-59","Argentina",25328018,0.0839999999999999,0.889,0.051,25505,755.555555555556,"  282.4249597",7188.92060471508,2120.65530743888,3917.50337049315
"30","Argentina","2022-02","60+","Argentina",7279916.5,0.0290000000000001,0.941,0.241,102086,5146.03174603175," 1923.5750403",60657.8703399667,14696.7752002209,26188.3234488972
"31","Argentina","2022-03","18-59","Argentina",25328018,0.0780000000000001,0.901,0.481,25591,136.507936507937,"   43.5384615",1746.51914672385,535.732818332129,1023.5142399513
"32","Argentina","2022-03","60+","Argentina",7279916.5,0.027,0.945,0.816,102559,750.793650793651,"  239.4615385",14573.7067529873,4115.89991280035,5920.2638339919
"33","Argentina","2022-04","18-59","Argentina",25328018,0.075,0.906,0.521,25630,61.9047619047619,"   49.2514286",842.127083454792,254.12985449111,491.725210335458
"34","Argentina","2022-04","60+","Argentina",7279916.5,0.0259999999999999,0.947,0.889,102695,215.873015873016,"  171.7485714",4648.42842103824,1346.49652494989,1842.57709552567
"35","Argentina","2022-05","18-59","Argentina",25328018,0.074,0.908,0.544,25655,39.6825396825397,"   46.8918919",557.260773522534,167.094227375676,325.442777917067
"36","Argentina","2022-05","60+","Argentina",7279916.5,0.0240000000000001,0.95,0.996,102855,253.968253968254,"  300.1081081",6457.69563588928,1984.37503100586,2460.32238096222
"37","Brazil","2021-01","18-59","Brazil",130378055,0.0144413057888278,0,0,46623,10012.6984126984,NA,10103.8943047691,10064.0024928212,10093.362736994
"38","Brazil","2021-01","60+","Brazil",30483308,0.00197021899194663,0,0,185870,41487.3015873016,NA,41547.6308827696,41500.1385920135,41530.3409410617
"39","Brazil","2021-02","18-59","Brazil",130378055,0.0320061001364833,0.00945154108092123,0,53555,11003.1746031746,NA,11331.0442482534,11201.5119134161,11293.7950480941
"40","Brazil","2021-02","60+","Brazil",30483308,0.00436657372048928,0.0224033548818522,0,209345,37261.9047619048,NA,38185.5249753322,37806.1778191899,38037.4801257663
"41","Brazil","2021-03","18-59","Brazil",130378055,0.0876696373630169,0.025032248038257,0,77034,37268.253968254,"17186.5626679",40440.7937023375,39144.0051885358,40062.9983758422
"42","Brazil","2021-03","60+","Brazil",30483308,0.0119607178932059,0.0593349096713611,0,269242,95074.6031746032,"43844.4373321",101613.701386656,98849.7541096219,100524.032133178
"43","Brazil","2021-04","18-59","Brazil",130378055,0.110828850134385,0.0771691520443991,0,101994,39619.0476190476,"27012.9024143",46186.4289722661,43606.5754346948,45373.2063221978
"44","Brazil","2021-04","60+","Brazil",30483308,0.0151203158899453,0.18291703801321,0,322193,84049.2063492063,"57306.0975857",102794.129055004,94897.8440757508,99546.2813590514
"45","Brazil","2021-05","18-59","Brazil",130378055,0.166236609298061,0.10977741771265,0,124770,36152.380952381,"25238.3353661",45626.0648409107,41703.5684886398,44367.0490633045
"46","Brazil","2021-05","60+","Brazil",30483308,0.0226795644095587,0.260209676493319,0,356155,53907.9365079365,"37633.6646339",72875.2604212823,64391.4439898995,69297.0680357547
"47","Brazil","2021-06","18-59","Brazil",130378055,0.335753633056111,0.130934306710648,0,149602,39415.873015873,"26345.0983216",59145.5993985879,49723.2233646704,56061.4723299817
"48","Brazil","2021-06","60+","Brazil",30483308,0.0458066738655996,0.310358672129056,0,381312,39931.746031746,"26689.9016784",59092.9418094253,49736.3252882272,55058.5232934236
"49","Brazil","2021-07","18-59","Brazil",130378055,0.440528997434344,0.203990680485444,0,162462,20412.6984126984,"17960.8814380",38377.0786293341,28905.4904355275,35006.9143066042
"50","Brazil","2021-07","60+","Brazil",30483308,0.0601011161968342,0.48352703208697,0,397382,25507.9365079365,"22444.1185620",50699.087340078,36720.7928780227,44139.7491855468
"51","Brazil","2021-08","18-59","Brazil",130378055,0.508800273513266,0.308132711242177,0,168087,8928.57142857143," 7615.5121139",22846.0646326735,14601.5869055432,19539.5569425582
"52","Brazil","2021-08","60+","Brazil",30483308,0.0694153268853984,0.730378932024166,0,410083,20160.3174603175,"17195.4878861",76017.512629336,37188.6179045045,53957.465759497
"53","Brazil","2021-09","18-59","Brazil",130378055,0.435,0.381,0,170893,4453.96825396825," 3662.8025560",12100.5440501202,7573.14024686548,10216.5920425812
"54","Brazil","2021-09","60+","Brazil",30483308,0.0589999999999999,0.904,0,419640,15169.8412698413,"12475.1974440",137441.59595047,34674.7947259046,63499.8772260405
"55","Brazil","2021-10","18-59","Brazil",130378055,0.435,0.381,0,172447,2466.66666666667," 2235.7356322",6701.44171556908,4194.10546815002,5658.08411766613
"56","Brazil","2021-10","60+","Brazil",30483308,0.0589999999999999,0.904,0,426438,10790.4761904762," 9780.2643678",97763.7301738305,24664.5657158836,45168.1663056004
"57","Brazil","2021-11","18-59","Brazil",130378055,0.236,0.648,0,173493,1660.31746031746," 1426.4777911",6913.95627682794,3478.21182935188,5196.53369939188
"58","Brazil","2021-11","60+","Brazil",30483308,0.022,0.956,0,430390,6273.01587301587," 5389.5222089",70507.0908510271,15245.2302527398,28993.0961803709
"59","Brazil","2021-12","18-59","Brazil",130378055,0.236,0.648,0,174325,1320.63492063492," 1075.9111111",5499.43749743867,2766.60826197014,4133.3805333595
"60","Brazil","2021-12","60+","Brazil",30483308,0.022,0.956,0,433068,4250.79365079365," 3463.0888889",47777.8313003671,10330.6494475803,19646.6375432776
"61","Brazil","2022-01","18-59","Brazil",130378055,0.236,0.648,0,176961,4184.12698412698," 1319.6266320",17423.6986096735,8765.35982999192,13095.6623629034
"62","Brazil","2022-01","60+","Brazil",30483308,0.022,0.956,0,445827,20252.380952381," 6387.3733680",227631.571904923,49219.1024278106,93603.9762564149
"63","Brazil","2022-02","18-59","Brazil",130378055,0.236,0.648,0,179842,4573.01587301587," 3301.9047351",19043.124315049,9580.04615713457,14312.823697847
"64","Brazil","2022-02","60+","Brazil",30483308,0.022,0.956,0,462481,26434.9206349206,"19087.0952649",297121.733560983,64244.4495519052,122178.902780338
"65","Brazil","2022-03","18-59","Brazil",130378055,0.083,0.848,0.335,180633,1255.55555555556," 1625.1139845",9534.17537820301,3906.67810320752,6490.3027410329
"66","Brazil","2022-03","60+","Brazil",30483308,0.00899999999999991,0.977,0.721,466717,6723.80952380952," 8702.8860155",168259.290903869,34835.6838785044,55296.5780268786
"67","Brazil","2022-04","18-59","Brazil",130378055,0.077,0.857,0.391,180913,444.444444444444,"  852.1925134",3572.27379692516,1457.33346595068,2438.2566367517
"68","Brazil","2022-04","60+","Brazil",30483308,0.00899999999999991,0.979,0.83,467746,1633.33333333333," 3131.8074866",50719.9122234989,10182.9396276369,15238.6496939208
"69","Brazil","2022-05","18-59","Brazil",130378055,0.0769999999999999,0.859,0.408,181199,453.968253968254,"  548.5490196",3728.38579146069,1514.02994910054,2543.21672168907
"70","Brazil","2022-05","60+","Brazil",30483308,0.00799999999999997,0.984,0.844,469143,2217.46031746032," 2679.4509804",80623.1936249392,14449.3843341782,21733.8408815259
"71","Chile","2020-12","18-59","Chile",11702608,0.000467943564380158,0,0,2586,303.174603174603,NA,303.263296992191,303.224691065692,303.253133596535
"72","Chile","2020-12","60+","Chile",3477103,0.000151130528998799,0,0,14210,1644.44444444444,NA,1644.62762833229,1644.48346391441,1644.5751793863
"73","Chile","2021-01","18-59","Chile",11702608,0.00308627394560026,0.000664718086860437,0,2861,436.507936507937,NA,437.626983631252,437.18125403156,437.501951340806
"74","Chile","2021-01","60+","Chile",3477103,0.000996765955423737,0.000682316958790518,0,15924,2720.63492063492,NA,2724.37621163059,2722.19765327814,2723.56367233369
"75","Chile","2021-02","18-59","Chile",11702608,0.176420784095002,0.00359891254211253,0,3164,480.952380952381,NA,542.629838521546,514.231708474302,534.798753397244
"76","Chile","2021-02","60+","Chile",3477103,0.0569781667196941,0.00369419624533677,0,17716,2844.44444444444,NA,2979.88210204564,2876.68174912875,2941.37434331533
"77","Chile","2021-03","18-59","Chile",11702608,0.169458716713993,0.23525192102255,0,3629,738.095238095238,"  439.4450431",1098.72349825638,945.451378678222,1044.59250246545
"78","Chile","2021-03","60+","Chile",3477103,0.0547296457306065,0.241480378636718,0,20035,3680.95238095238," 2191.5549569",5017.39180190245,4363.27497832004,4742.31799131088
"79","Chile","2021-04","18-59","Chile",11702608,0.0759025239677243,0.432085141056328,0,4384,1198.4126984127,"  765.2356359",2201.99117337954,1761.71697319475,2026.64597461183
"80","Chile","2021-04","60+","Chile",3477103,0.0245140428734841,0.443524894555825,0,22378,3719.04761904762," 2374.7643641",6561.55253795751,5131.7448154247,5913.43529650984
"81","Chile","2021-05","18-59","Chile",11702608,0.145249671561594,0.51386340348936,0,5163,1236.50793650794,"  763.0647217",2918.92181809652,2059.72236996242,2557.12298473925
"82","Chile","2021-05","60+","Chile",3477103,0.0469109127060715,0.527468293150597,0,24581,3496.8253968254," 2157.9352783",7412.98347707369,5220.51069244357,6365.48596985345
"83","Chile","2021-06","18-59","Chile",11702608,0.1046575153128,0.688774076750463,0,5900,1169.84126984127,"  716.0845524",4123.55083147725,2358.23204840092,3271.47021360391
"84","Chile","2021-06","60+","Chile",3477103,0.0338009684434372,0.707009847681179,0,27262,4255.55555555556," 2604.9154476",13581.8144878227,7572.11950968836,10348.1187151234
"85","Chile","2021-07","18-59","Chile",11702608,0.0688774183984047,0.802276876444551,0,6420,825.396825396825,"  586.2225705",4151.89622550292,1911.78012721561,2936.61243067234
"86","Chile","2021-07","60+","Chile",3477103,0.0222451626029113,0.823517712642795,0,29294,3225.39682539683," 2290.7774295",15157.4573647885,6548.83402713398,9978.76232406773
"87","Chile","2021-08","18-59","Chile",11702608,0.0410189761881832,0.873098748899836,0,6620,317.460317460317,"  245.7774270",2126.54115027492,806.638992928119,1342.9600725489
"88","Chile","2021-08","60+","Chile",3477103,0.0132477932002779,0.89621464324352,0,30361,1693.65079365079," 1311.2225730",11188.1141471669,3768.38531989372,6290.28366699049
"89","Chile","2021-09","18-59","Chile",11702608,0.038,0.895,0,6683,100,"   78.6760563",766.430350641885,263.313110886417,455.635251223609
"90","Chile","2021-09","60+","Chile",3477103,0.0119999999999999,0.919,0,30724,576.190476190476,"  453.3239437",4399.34089874535,1322.48415423532,2290.98301650742
"91","Chile","2021-10","18-59","Chile",11702608,0.0330000000000001,0.911,0.15,6736,84.1269841269841,"   49.0803859",752.948931593879,249.344189497068,442.068152963188
"92","Chile","2021-10","60+","Chile",3477103,0.0109999999999999,0.922,0.63,30982,409.52380952381,"  238.9196141",4316.18353014629,1621.43338859405,2331.5453091911
"93","Chile","2021-11","18-59","Chile",11702608,0.0290000000000001,0.931,0.437,6835,157.142857142857,"   90.6870229",1906.72641076087,600.857478244863,1119.12358379997
"94","Chile","2021-11","60+","Chile",3477103,0.012,0.926,0.759,31538,882.539682539683,"  509.3129771",10577.6983308925,4147.03908867772,5630.45991318114
"95","Chile","2021-12","18-59","Chile",11702608,0.025,0.945,0.631,6935,158.730158730159,"  106.3559322",2521.32727710521,754.481867499554,1483.40951827937
"96","Chile","2021-12","60+","Chile",3477103,0.00900000000000006,0.931,0.81,32146,965.079365079365,"  646.6440678",12339.4326255816,4935.5837322186,6507.77338545889
"97","Chile","2022-01","18-59","Chile",11702608,0.022,0.95,0.712,7036,160.31746031746,"   83.2931276",2839.48743034821,843.465356539487,1696.36617538559
"98","Chile","2022-01","60+","Chile",3477103,0.00899999999999991,0.932,0.828,32758,971.428571428571,"  504.7068724",12731.197612526,5119.81496386389,6682.19819163994
"99","Chile","2022-02","18-59","Chile",11702608,0.0210000000000001,0.958,0.796,7321,452.380952380952,"  237.4370861",9889.18903445083,2719.43632668846,5800.54407882291
"100","Chile","2022-02","60+","Chile",3477103,0.00399999999999992,0.939,0.889,35493,4341.26984126984," 2278.5629139",61892.5870558274,25737.9401517136,32112.1216742967
"101","Chile","2022-03","18-59","Chile",11702608,0.0189999999999999,0.964,0.877,7567,390.47619047619," 1402.1901718",10362.9562228288,2692.8092469756,6092.60371283269
"102","Chile","2022-03","60+","Chile",3477103,0.00800000000000011,0.939,1,37750,3582.53968253968,"12864.8098282",58538.2301068576,26327.491126574,29840.6711768522
"103","Chile","2022-04","18-59","Chile",11702608,0.017,0.968,0.853,7635,107.936507936508,"  100.2206506",2979.20253757957,727.68310941561,1667.22543236672
"104","Chile","2022-04","60+","Chile",3477103,0.00799999999999997,0.939,0.874,38389,1014.28571428571,"  941.7793494",14915.0890283765,5884.55660280403,7521.69638619568
"105","Chile","2022-05","18-59","Chile",11702608,0.0169999999999999,0.969,0.866,7679,69.8412698412698,"   49.7964072",2012.71671012305,482.445824897384,1121.0404723127
"106","Chile","2022-05","60+","Chile",3477103,0.00799999999999997,0.939,0.878,38679,460.31746031746,"  328.2035928",6790.54493888978,2688.58176014217,3425.53163542251
"107","Colombia","2021-03","18-59","Colombia",31215224.5,0.0440585042101938,0.00498920409638233,0,14897,1347.61904761905,"  729.0303834",1392.53003941194,1373.62917254546,1387.31829093739
"108","Colombia","2021-03","60+","Colombia",6764869,0.0370545299920778,0.0186229951862431,0,57048,5234.92063492064," 2831.9696166",5480.10211382472,5326.61747188005,5422.15083061188
"109","Colombia","2021-04","18-59","Colombia",31215224.5,0.0456705434488685,0.0283765506659109,0,18296,5395.2380952381," 2447.5032846",5711.42201858642,5593.01263278166,5675.34126986973
"110","Colombia","2021-04","60+","Colombia",6764869,0.03841030357969,0.105919973656044,0,67045,15868.253968254," 7198.4967154",18186.0577349591,17078.3110842559,17744.6592404931
"111","Colombia","2021-05","18-59","Colombia",31215224.5,0.0924170451225204,0.0574364796456732,0,23753,8661.90476190476," 4780.7228087",9754.81607947695,9329.57736679003,9623.10033873621
"112","Colombia","2021-05","60+","Colombia",6764869,0.0777255204564872,0.214390765198745,0,78735,18555.5555555556,"10241.2771913",25005.9190029313,21662.1216069069,23608.3461381699
"113","Colombia","2021-06","18-59","Colombia",31215224.5,0.121864857040509,0.120276623797865,0,31654,12541.2698412698," 7064.6835707",15479.7419712091,14325.771705819,15100.9895798371
"114","Colombia","2021-06","60+","Colombia",6764869,0.102492017855273,0.448951564765485,0,90494,18665.0793650794,"10514.3164293",37015.9144769258,26320.3397783252,31987.2669936783
"115","Colombia","2021-07","18-59","Colombia",31215224.5,0.148229234307512,0.21241188455104,0,37053,8569.84126984127," 5438.6877212",12127.8060905581,10663.5183559403,11616.7022784839
"116","Colombia","2021-07","60+","Colombia",6764869,0.1024920179,0.4489515648,0,99787,14750.7936507937," 9361.3122788",29253.2437519005,20800.6563117343,25279.1625306945
"117","Colombia","2021-08","18-59","Colombia",31215224.5,0.234023866488029,0.256779013374475,0,38298,1976.19047619048," 1370.8166863",3233.93660798064,2658.69502593633,3028.23358207294
"118","Colombia","2021-08","60+","Colombia",6764869,0.119,0.739,0,102797,4777.77777777778," 3314.1833137",21658.7914293644,9030.87951735619,14027.9614462032
"119","Colombia","2021-09","18-59","Colombia",31215224.5,0.141,0.256779013374475,0,38592,466.666666666667,"  324.1597494",697.330445738033,601.273199402171,662.81483260216
"120","Colombia","2021-09","60+","Colombia",6764869,0.119,0.739,0,103780,1560.31746031746," 1083.8402506",7073.28637045355,2949.28723108344,4581.22461847766
"121","Colombia","2021-10","18-59","Colombia",31215224.5,0.175,0.346,0,38805,338.095238095238,"  201.9585297",599.826557194096,480.49667384637,554.673312496679
"122","Colombia","2021-10","60+","Colombia",6764869,0.104,0.739,0.018,104628,1346.03174603175,"  804.0414703",5835.16163810603,2557.92585996683,3886.14988645477
"123","Colombia","2021-11","18-59",NA,NA,0.32,0.366,0,39047,384.126984126984,"  202.4182195",845.852474240821,601.239308250822,749.772964408847
"124","Colombia","2021-11","60+",NA,NA,0.101,0.74,0.026,105835,1915.87301587302," 1009.5817805",8275.23017926397,3657.81684095846,5534.04476481933
"125","Colombia","2021-12","18-59","Colombia",31215224.5,0.32,0.366,0,39352,484.126984126984,"  256.6813899",1066.05373819608,757.760285192152,944.961793986357
"126","Colombia","2021-12","60+","Colombia",6764869,0.101,0.74,0.026,107228,2211.11111111111," 1172.3186101",9550.45206272967,4221.49035580375,6386.84702352388
"127","Colombia","2022-01","18-59","Colombia",31215224.5,0.32,0.366,0,40012,1047.61904761905,"  421.2359189",2306.87038429315,1639.74356795679,2044.83535747867
"128","Colombia","2022-01","60+","Colombia",6764869,0.101,0.74,0.026,112782,8815.87301587302," 3544.7640811",38078.399681551,16831.4123733913,25464.8588432531
"129","Colombia","2022-02","18-59","Colombia",31215224.5,0.163,0.436,0.014,40437,674.603174603175,"  450.3223655",1389.57345816607,1047.93540082358,1253.69346206057
"130","Colombia","2022-02","60+","Colombia",6764869,0.092,0.778,0.11,116855,6465.07936507936," 4315.6776345",32644.002287725,13532.6314838183,20829.4811833944
"131","Colombia","2022-03","18-59","Colombia",31215224.5,0.152,0.483,0.014,40520,131.746031746032,"  121.1581259",294.118637181805,213.956093013261,261.247529220017
"132","Colombia","2022-03","60+","Colombia",6764869,0.085,0.811,0.11,117455,952.380952380952,"  875.8418741",5526.84818494161,2076.51910610421,3313.63905099763
"133","Colombia","2022-04","18-59","Colombia",31215224.5,0.152,0.483,0.014,40540,31.7460317460317,"   30.3125000",70.8719607666999,51.5556850634364,62.951211860245
"134","Colombia","2022-04","60+","Colombia",6764869,0.085,0.811,0.11,117563,171.428571428571,"  163.6875000",994.832673289489,373.773439098757,596.455029179574
"135","Colombia","2022-05","18-59","Colombia",31215224.5,0.152,0.483,0.014,40550,15.8730158730159,"    7.1428571",35.43598038335,25.7778425317182,31.4756059301225
"136","Colombia","2022-05","60+","Colombia",6764869,0.085,0.811,0.11,117644,128.571428571429,"   57.8571429",746.124504967117,280.330079324068,447.341271884681
"137","Paraguay","2021-02","18-59","Paraguay",3777548,0.000333911425625905,0,0,1072,409.52380952381,NA,409.609292788125,409.572086085914,409.599498015422
"138","Paraguay","2021-02","60+","Paraguay",620912,0.000190478942977783,0,0,2698,795.238095238095,NA,795.34974880675,795.261877698866,795.317779656635
"139","Paraguay","2021-03","18-59","Paraguay",3777548,0.00936926500839677,0.000335614211788592,0,1515,703.174603174603,"  310.2937318",707.542223153577,705.669070643811,707.041948328991
"140","Paraguay","2021-03","60+","Paraguay",620912,0.00534467394139895,0.000596574902638583,0,3627,1474.60317460317,"  650.7062682",1481.26504386469,1476.38105873106,1479.4752231938
"141","Paraguay","2021-04","18-59","Paraguay",3777548,0.0240490819016166,0.00230949021851886,0,2173,1044.44444444444,"  714.2334549",1062.73749851349,1055.05317320433,1060.63891075747
"142","Paraguay","2021-04","60+","Paraguay",620912,0.0137187390087639,0.00410526090333009,0,4888,2001.5873015873," 1368.7665451",2029.91112829513,2010.97101862572,2022.89131149106
"143","Paraguay","2021-05","18-59","Paraguay",3777548,0.0562783355613721,0.0166253438785357,0,2975,1273.01587301587,"  977.4593886",1341.26607617367,1313.92931354653,1333.35372613166
"144","Paraguay","2021-05","60+","Paraguay",620912,0.0321038366692161,0.0295525712478411,0,6376,2361.90476190476," 1813.5406114",2489.67942803541,2417.82042790818,2462.24949163962
"145","Paraguay","2021-06","18-59","Paraguay",3777548,0.132273460697268,0.0307404924992128,0,3832,1360.31746031746," 1175.9211416",1531.40732555485,1458.8395872099,1510.26656433969
"146","Paraguay","2021-06","60+","Paraguay",620912,0.0754550669549606,0.0546431160410214,0,8182,2866.66666666667," 2478.0788584",3209.27737650914,3002.65081442361,3128.93098924261
"147","Paraguay","2021-07","18-59","Paraguay",3777548,0.425355109859615,0.0624808241521614,0,4371,855.555555555556,"  813.4132343",1267.28567422077,1059.52773180283,1202.31995408934
"148","Paraguay","2021-07","60+","Paraguay",620912,0.242642765411178,0.111063507670628,0,9124,1495.2380952381," 1421.5867657",2084.77829093188,1672.64890774987,1910.42011502499
"149","Paraguay","2021-08","18-59","Paraguay",3777548,0.112391689919018,0.326841982442902,0,4646,436.507936507937,"  276.3048636",703.036405304918,590.892188454915,660.930702300199
"150","Paraguay","2021-08","60+","Paraguay",620912,0.0641135602207453,0.58098172546072,0,9692,901.587301587302,"  570.6951364",2204.64262118117,1421.22504734963,1813.78369300884
"151","Paraguay","2021-09","18-59","Paraguay",3777548,0.166,0.344,0,4812,263.492063492063,"  150.6177606",461.319858347013,372.074591541669,427.596087048631
"152","Paraguay","2021-09","60+","Paraguay",620912,0.0949999999999999,0.611,0,10044,558.730158730159,"  319.3822394",1560.31086889058,914.223048451302,1223.71178539299
"153","Paraguay","2021-10","18-59","Paraguay",3777548,0.184,0.384,0,4995,290.47619047619,"   19.0701403",556.339903616392,430.528994504474,507.54866310018
"154","Paraguay","2021-10","60+","Paraguay",620912,0.089,0.631,0,10360,501.587301587302,"   32.9298597",1458.98904156101,836.180913032819,1130.74426675442
"155","Paraguay","2021-11","18-59","Paraguay",3777548,0.115,0.508,0.014,5144,236.507936507937,"   75.1898148",528.586133199094,386.531088163616,469.67498094144
"156","Paraguay","2021-11","60+","Paraguay",620912,0.075,0.683,0.062,10643,449.206349206349,"  142.8101852",1487.00002054477,813.230098513774,1118.31781985466
"157","Paraguay","2021-12","18-59","Paraguay",3777548,0.094,0.546,0.064,5282,219.047619047619,"   55.5450000",518.578643578644,376.097776264666,459.401161398094
"158","Paraguay","2021-12","60+","Paraguay",620912,0.0640000000000001,0.71,0.215,10905,415.873015873016,"  105.4550000",1503.18083391653,842.680655937476,1131.01481340177
"159","Paraguay","2022-01","18-59","Paraguay",3777548,0.084,0.569,0.143,NA,248.468302539683,"  156.5350306",615.996386700918,449.456066241602,548.3041504299
"160","Paraguay","2022-01","60+","Paraguay",620912,0.0559999999999999,0.727,0.357,NA,715.023760952381,"  450.4649694",2760.94402208829,1612.34578583434,2093.73090727974
"161","Paraguay","2022-02","18-59","Paraguay",3777548,0.0790000000000001,0.578,0.17,NA,412.490986031746,"  259.8693212",1039.63551732574,760.367465573949,926.982282075178
"162","Paraguay","2022-02","60+","Paraguay",620912,0.053,0.735,0.391,NA,1357.35028380952,"  855.1306788",5389.19772024507,3162.13656767142,4080.62915002776
"163","Paraguay","2022-03","18-59","Paraguay",3777548,0.072,0.591,0.218,NA,108.532740793651,"   68.3756267",280.667556585037,206.536262904434,251.26262657999
"164","Paraguay","2022-03","60+","Paraguay",620912,0.048,0.747,0.431,NA,396.229163968254,"  249.6243733",1636.24230447994,963.657943557085,1234.8380834687
"165","Paraguay","2022-04","18-59","Paraguay",3777548,0.0709999999999999,0.597,0.242,NA,54.5666841269841,"   34.3770110",143.381464978806,105.657858651486,128.551420222563
"166","Paraguay","2022-04","60+","Paraguay",620912,0.047,0.756,0.452,NA,153.369823809524,"   96.6229890",657.288916072135,383.642276515732,492.094217716323
"167","Paraguay","2022-05","18-59","Paraguay",3777548,0.0700000000000001,0.599,0.249,NA,37.2373712698413,"   23.4595439",98.2542316943489,72.4617549861668,88.1414226940923
"168","Paraguay","2022-05","60+","Paraguay",620912,0.047,0.76,0.461,NA,119.905485873016,"   75.5404561",523.360202320383,303.763520843243,390.088007743546
"169","Uruguay","2021-03","18-59","Uruguay",1909599,0.186365082454441,0.0152886759954046,0,110.8,11.0322355555556,"    6.9503084",12.694241506061,11.9416210003292,12.4814351034946
"170","Uruguay","2021-03","60+","Uruguay",705970,0.192018207666056,0.0239578979269485,0,834.8,508.015383492064,"  320.0496916",607.631755793983,531.846963061535,577.519887909406
"171","Uruguay","2021-04","18-59","Uruguay",1909599,0.157250052863057,0.20131097372906,0,350.4,380.31746031746,"  226.5471857",534.544248913234,470.688824472527,512.456854127685
"172","Uruguay","2021-04","60+","Uruguay",705970,0.162020014202705,0.315461440979266,0,2254.6,2253.65079365079," 1342.4528143",3850.29271485018,2883.74853355877,3414.56647370475
"173","Uruguay","2021-05","18-59","Uruguay",1909599,0.249774527323258,0.300880597316359,0,605.5,404.920634920635,"  315.0054424",723.642746375505,572.057101229178,667.692807353969
"174","Uruguay","2021-05","60+","Uruguay",705970,0.257351089729875,0.471490575172848,0,3359.2,1753.33333333333," 1363.9945576",4751.3610696267,2612.84544070395,3623.65612721619
"175","Uruguay","2021-06","18-59","Uruguay",1909599,0.190230885870874,0.48894793271262,0,924.1,505.714285714286,"  286.6209290",1206.81161316138,840.97644074015,1053.99958942481
"176","Uruguay","2021-06","60+","Uruguay",705970,0.196001274844933,0.766198764827148,0,4539,1872.69841269841," 1061.3790710",13532.5229510806,3743.04502697323,6733.38949297335
"177","Uruguay","2021-07","18-59","Uruguay",1909599,0.10661670240681,0.652934789817732,0,1026.3,162.222222222222,"   95.0852310",512.807785107466,312.161202935133,419.267863813624
"178","Uruguay","2021-07","60+","Uruguay",705970,0,1,0,4897.9,569.682539682541,"  333.9147690",8901.28968253971,1468.25396825397,2960.92796092797
"179","Uruguay","2021-08","18-59","Uruguay",1909599,0.0386172139335765,0.734611350855216,0,1051.4,39.84126984127,"   20.5560345",141.453393609555,81.5915155494324,112.153725642727
"180","Uruguay","2021-08","60+","Uruguay",705970,0,1,0,4965.6,107.460317460319,"   55.4439655",1679.06746031748,276.959581083295,558.525558525564
"181","Uruguay","2021-09","18-59","Uruguay",1909599,0.0509999999999999,0.744,0,1055.5,6.50793650793636,"    4.2597403",24.5540814123502,13.6273313746534,19.1174752346859
"182","Uruguay","2021-09","60+","Uruguay",705970,0,1,0,4984.6,30.1587301587302,"   19.7402597",471.230158730159,77.7286859761087,156.750156750157
"183","Uruguay","2021-10","18-59","Uruguay",1909599,0.0530000000000001,0.746,0,1057.8,3.65079365079357,"    2.5090909",13.9393812672289,7.67775103583694,10.813507402217
"184","Uruguay","2021-10","60+","Uruguay",705970,0,1,0,5004.3,31.269841269841,"   21.4909091",488.591269841265,80.5923744068066,162.525162525161
"185","Uruguay","2021-11","18-59","Uruguay",1909599,0.043,0.769,0.418,1063,8.25396825396833,"    6.5951220",36.2636450681795,22.2693218379096,30.2934380871104
"186","Uruguay","2021-11","60+","Uruguay",705970,0,1,0.645,5040.1,56.8253968253971,"   45.4048780",1948.07668239278,280.980008036972,487.031692839181
"187","Uruguay","2021-12","18-59","Uruguay",1909599,0.043,0.769,0.418,NA,9.70210015873016,"    6.1123231",42.6259837385447,26.1764019790746,35.6083233458198
"188","Uruguay","2021-12","60+","Uruguay",705970,0,1,0.746,NA,52.2026617460318,"   32.8876769",2201.15794172844,301.484601656532,498.023859526575
"189","Uruguay","2022-01","18-59","Uruguay",1909599,0.033,0.787,0.543,NA,43.1148161904762,"   27.1623342",204.117960423606,129.001691078234,174.253095831634
"190","Uruguay","2022-01","60+","Uruguay",705970,0,1,0.995,NA,382.282009206349,"  240.8376658",37223.1751904916,3768.55292987331,5057.51001106473
"191","Uruguay","2022-02","18-59","Uruguay",1909599,0.0339999999999999,0.792,0.557,NA,62.1876085714286,"   39.1781934",302.992075672628,189.962392693936,258.129411577745
"192","Uruguay","2022-02","60+","Uruguay",705970,0,1,1,NA,771.145724761905,"  485.8218066",77114.5724761904,7711.45724761905,10281.9429968254
"193","Uruguay","2022-03","18-59","Uruguay",1909599,0.033,0.793,0.583,NA,17.0550157142857,"   10.7446599",83.703544523009,53.0860728614961,71.8291017065691
"194","Uruguay","2022-03","60+","Uruguay",705970,0,1,1,NA,292.468793809524,"  184.2553401",29246.8793809524,2924.68793809524,3899.58391746032
"195","Uruguay","2022-04","18-59","Uruguay",1909599,0.0260000000000001,0.798,0.62,NA,7.9786646031746,"    5.0265587",39.5492445879578,25.5613369829198,34.3108160080924
"196","Uruguay","2022-04","60+","Uruguay",705970,0,1,1,NA,66.62451,"   41.9734413",6662.451,666.2451,888.3268
"197","Uruguay","2022-05","18-59","Uruguay",1909599,0.0260000000000001,0.798,0.62,NA,4.55307984126984,"    2.8684403",22.5690484845338,14.5867527864914,19.5797031801294
"198","Uruguay","2022-05","60+","Uruguay",705970,0,1,1,NA,51.0024757142857,"   32.1315597",5100.24757142857,510.024757142857,680.03300952381
"199","Jamaica","2021-03","18-59","Jamaica",1787286,0.0121824310790439,0,0,157.8,78.2539682539683,"   52.7438641",78.8543669355142,78.5919449101074,78.7851184057713
"200","Jamaica","2021-03","60+","Jamaica",328253.5,0.0144559258196456,0,0,406.2,173.968253968254,"  117.2561359",175.841674212488,174.363987047647,175.301212303178
"201","Jamaica","2021-04","18-59","Jamaica",1787286,0.0500118328961006,0,0,197.1,62.3809523809524,"   34.9460641",64.3937327573374,63.5020284315241,64.1565852119179
"202","Jamaica","2021-04","60+","Jamaica",328253.5,0.0593450799565106,0,0,572.7,264.285714285714,"  148.0539359",276.373553939484,266.771269570387,272.801348055129
"203","Jamaica","2021-05","18-59","Jamaica",1787286,0.0492771953855764,0.00680304459949774,0,225.2,44.6031746031746,"   30.1687117",46.3278263515768,45.6068590810835,46.1273640251357
"204","Jamaica","2021-05","60+","Jamaica",328253.5,0.0584733438237501,0.0245220654924827,0,707.6,214.126984126984,"  144.8312883",229.269674734151,219.434629234793,225.530006549767
"205","Jamaica","2021-06","18-59","Jamaica",1787286,0.035415065475937,0.0236038067692033,0,270.2,71.4285714285714,"   41.1585366",74.7504839300513,73.5243763582392,74.3760099722669
"206","Jamaica","2021-06","60+","Jamaica",328253.5,0.0420242524744261,0.0850816258810125,0,793.8,136.825396825397,"   78.8414634",153.841544864373,145.352927904183,150.492638276516
"207","Jamaica","2021-07","18-59","Jamaica",1787286,0.0208777335528561,0.0374394221125692,0,299.6,46.6666666666667,"   31.7415929",49.0416991384392,48.2469356088961,48.7800542922631
"208","Jamaica","2021-07","60+","Jamaica",328253.5,0.0247739523880072,0.134953100426963,0,877.4,132.698412698412,"   90.2584071",155.1256228158,145.260673074519,151.140453360279
"209","Jamaica","2021-08","18-59","Jamaica",1787286,0.0953289998518315,0.0442418538251661,0,331.5,50.6349206349206,"  115.6419753",56.3479977383749,54.076749677825,55.6610405533592
"210","Jamaica","2021-08","60+","Jamaica",328253.5,0.113119371772159,0.159472956724356,0,934.6,90.7936507936508,"  207.3580247",118.318830563474,102.633119105247,111.854947407368
"211","Jamaica","2021-09","18-59","Jamaica",1787286,0.099,0.0442418538251661,0,508,280.15873015873,"  106.1426117",312.566762265268,299.616732707872,308.657114764868
"212","Jamaica","2021-09","60+","Jamaica",328253.5,0.117,0.16,0,1340.1,643.650793650794,"  243.8573883",842.46273110046,728.349871904722,795.374923262502
"213","Jamaica","2021-10","18-59","Jamaica",1787286,0.091,0.094,0,593.5,135.714285714286,"   96.0703410",158.861149502556,150.10234609967,156.016350119346
"214","Jamaica","2021-10","60+","Jamaica",328253.5,0.106,0.212,0,1583,385.555555555556,"  272.9296590",532.943102257191,451.674358147307,498.757045697874
"215","Jamaica","2021-11","18-59","Jamaica",1787286,0.064,0.137,0,657.7,101.904761904762,"   52.0020000",122.697733274049,115.208849417835,120.124784728246
"216","Jamaica","2021-11","60+","Jamaica",328253.5,0.071,0.257,0,1718.8,215.555555555556,"  109.9980000",304.835460346328,259.215477676002,285.465934555434
"217","Jamaica","2021-12","18-59","Jamaica",1787286,0.027,0.19,0,702.8,71.5873015873016,"   48.8737997",89.0860238152028,83.0817439436494,86.8963324788245
"218","Jamaica","2021-12","60+","Jamaica",328253.5,0.026,0.314,0,1746.6,44.1269841269844,"   30.1262003",64.2375892399917,54.9013799402606,60.2220824030109
"219","Jamaica","2022-01","18-59","Jamaica",1787286,0.026,0.19,0,791.7,141.111111111111,"   92.3903002",175.46768355025,163.701605229583,171.172908035239
"220","Jamaica","2022-01","60+","Jamaica",328253.5,0.026,0.314,0,1830.9,133.809523809523,"   87.6096998",194.792401904001,166.481522624601,182.615882970279
"221","Jamaica","2022-02","18-59","Jamaica",1787286,0.013,0.24,0.002,859.1,106.984126984127,"   77.2891738",139.851274187241,128.548528242369,135.612287769033
"222","Jamaica","2022-02","60+","Jamaica",328253.5,0.0140000000000001,0.338,0.036,1903.9,115.873015873016,"   83.7108262",172.591888039406,148.445146895014,161.960312960927
"223","Jamaica","2022-03","18-59","Jamaica",1787286,0.00699999999999999,0.253,0.007,864.3,8.25396825396833,"   17.0990991",10.9146990035615,10.0115936179403,10.5742344526747
"224","Jamaica","2022-03","60+","Jamaica",328253.5,0.00899999999999999,0.347,0.036,1920.9,26.9841269841273,"   55.9009009",40.4783560682406,34.7798583293622,37.9629092193939
"225","Jamaica","2022-04","18-59","Jamaica",1787286,0,0.264,0.008,NA,32.6183352380952,"   20.5495512",43.4818375254549,39.8157484547665,42.0886958575167
"226","Jamaica","2022-04","60+","Jamaica",328253.5,0.00600000000000001,0.351,0.049,NA,91.1911885714286,"   57.4504488",137.254270903841,118.409508697744,128.869589422273
"227","Jamaica","2022-05","18-59","Jamaica",1787286,0,0.264,0.008,NA,35.5815444444444,"   22.4163730",47.4319404452976,43.4328059016792,45.9122389702433
"228","Jamaica","2022-05","60+","Jamaica",328253.5,0.00599999999999994,0.352,0.049,NA,113.624804761905,"   71.5836270",171.260972420198,147.656343498828,160.755801525071
"229","Peru","2021-02","18-59","Peru",19057245,0.0156893433559227,0,0,35547,9177.77777777778,NA,9268.66481826826,9228.89049459041,9258.16160494259
"230","Peru","2021-02","60+","Peru",4019133.5,0.0043624689361771,0,0,88255,20511.1111111111,NA,20577.2699065703,20525.1689557919,20558.2853586529
"231","Peru","2021-03","18-59","Peru",19057245,0.0134836969562464,0.0126747803722486,0,42179,10526.9841269841," 6625.6626851",10746.2613540265,10669.4559988817,10722.3201005608
"232","Peru","2021-03","60+","Peru",4019133.5,0.00374918234511359,0.0334786707046618,0,102553,22695.2380952381,"14284.3373149",23496.4477715971,23183.8982902615,23373.2840795972
"233","Peru","2021-04","18-59","Peru",19057245,0.0207433873621186,0.0230571157266855,0,49730,11985.7142857143," 7540.0714286",12417.2586188445,12267.3121561546,12369.7410478563
"234","Peru","2021-04","60+","Peru",4019133.5,0.00576776101749154,0.0609021665182541,0,118494,25303.1746031746,"15917.9285714",26954.2653432683,26307.534839164,26697.2638599745
"235","Peru","2021-05","18-59","Peru",19057245,0.0793462286460486,0.0446147779486947,0,54893,8195.2380952381," 5430.8599222",9023.13170643748,8702.21188746552,8925.04144276275
"236","Peru","2021-05","60+","Peru",4019133.5,0.0220624566509039,0.11784373501069,0,130293,18728.5714285714,"12411.1400778",21442.3535754657,20259.8991185399,20967.372071155
"237","Peru","2021-06","18-59","Peru",19057245,0.0625988701993448,0.106096939563884,0,57671,4409.52380952381," 3092.4771418",5123.69460197564,4867.19128776607,5037.59088161081
"238","Peru","2021-06","60+","Peru",4019133.5,0.0174058034481943,0.280240319604177,0,135324,7985.71428571429," 5600.5228582",11016.7995855613,9670.74237468911,10445.3624954672
"239","Peru","2021-07","18-59","Peru",19057245,0.134219607999214,0.177512181260948,0,59287,2565.07936507936," 1922.0246624",3427.58373975021,3082.03820243918,3309.4124515974
"240","Peru","2021-07","60+","Peru",4019133.5,0.0373201642184345,0.468873754650095,0,137114,2841.26984126984," 2128.9753376",5324.42718029456,4017.68952593593,4722.014428888
"241","Peru","2021-08","18-59","Peru",19057245,0.104369300157841,0.279370512015711,0,59962,1071.42857142857,"  797.2912966",1597.32556591793,1384.73187014778,1519.39431186236
"242","Peru","2021-08","60+","Peru",4019133.5,0.0290201966710892,0.737918378202832,0,138128,1609.52380952381," 1197.7087034",5590.16720428405,2959.56600257436,4139.80165013745
"243","Peru","2021-09","18-59","Peru",19057245,0.204,0.296,0,60288,517.460317460317,"  357.9607843",872.938219002526,711.481255960838,813.718182296156
"244","Peru","2021-09","60+","Peru",4019133.5,0.0560000000000001,0.783,0,138822,1101.5873015873,"  762.0392157",4877.73335807342,2151.48727292974,3257.27217929663
"245","Peru","2021-10","18-59","Peru",19057245,0.185,0.519,0,60507,347.619047619048,"  207.9781182",882.461026652741,596.450401104724,760.32561767395
"246","Peru","2021-10","60+","Peru",4019133.5,0.045,0.815,0,139517,1103.1746031746,"  660.0218818",5407.85118838502,2232.4465060044,3467.61951861658
"247","Peru","2021-11","18-59","Peru",19057245,0.133,0.702,0.016,60706,315.873015873016,"  188.8427083",1249.67070548935,667.041886107525,960.911723859891
"248","Peru","2021-11","60+","Peru",4019133.5,0.04,0.839,0.052,140278,1207.93650793651,"  722.1572917",6622.16847910458,2596.17196661016,4090.83384224167
"249","Peru","2021-12","18-59","Peru",19057245,0.113,0.805,0.075,60966,412.698412698413,"  333.4144222",2497.04076659152,1037.78855561108,1683.36473844487
"250","Peru","2021-12","60+","Peru",4019133.5,0.043,0.865,0.464,141169,1414.28571428571," 1142.5855778",10584.9409435138,4282.63857255763,6304.3639953824
"251","Peru","2022-01","18-59","Peru",19057245,0.0909999999999999,0.844,0.181,61656,1095.2380952381,"  554.5287958",7971.16517640535,3081.15920711325,5184.12221473455
"252","Peru","2022-01","60+","Peru",4019133.5,0.035,0.879,0.559,143917,4361.90476190476," 2208.4712042",35967.0563752196,14757.8527968628,21165.7670060352
"253","Peru","2022-02","18-59","Peru",19057245,0.065,0.888,0.371,62278,987.301587301587,"  841.7544798",9537.30281396433,3373.90206473585,5981.40567533849
"254","Peru","2022-02","60+","Peru",4019133.5,0.0259999999999999,0.895,0.675,147034,4947.61904761905," 4218.2455202",46383.3487795688,19495.8548322512,26848.8148147574
"255","Peru","2022-03","18-59","Peru",19057245,0.0559999999999999,0.904,0.463,62608,523.809523809524,"  416.4957265",5827.55213672496,1980.12173788445,3607.40422997661
"256","Peru","2022-03","60+","Peru",4019133.5,0.0240000000000001,0.9,0.715,148108,1704.7619047619," 1355.5042735",16828.5118236748,7117.64715238445,9653.51173454462
"257","Peru","2022-04","18-59","Peru",19057245,0.0530000000000001,0.911,0.541,62749,223.809523809524,"  167.5220729",2741.58784601609,919.018621077086,1703.5696090141
"258","Peru","2022-04","60+","Peru",4019133.5,0.023,0.902,0.735,148488,603.174603174603,"  451.4779271",6087.32329341491,2592.23672851539,3483.38107307094
"259","Peru","2022-05","18-59","Peru",19057245,0.0530000000000001,0.911,0.541,62860,176.190476190476,"  108.3984375",2158.27128303394,723.482744252174,1341.10799007493
"260","Peru","2022-05","60+","Peru",4019133.5,0.023,0.902,0.735,148761,433.333333333333,"  266.6015625",4373.26120816387,1862.31743917027,2502.53429723254
"261","Belize","2021-02","18-59","Belize",232769,0,0,0,NA,7.00876333333333,"    4.4155209",7.00876333333333,7.00876333333333,7.00876333333333
"262","Belize","2021-02","60+","Belize",30999.5,0,0,0,NA,15.2134588888889,"    9.5844791",15.2134588888889,15.2134588888889,15.2134588888889
"263","Belize","2021-03","18-59","Belize",232769,0,0,0,NA,1.60081412698413,"    1.0085129",1.60081412698413,1.60081412698413,1.60081412698413
"264","Belize","2021-03","60+","Belize",30999.5,0,0,0,NA,3.16109063492063,"    1.9914871",3.16109063492063,3.16109063492063,3.16109063492063
"265","Belize","2021-04","18-59","Belize",232769,0,0,0,NA,3.51656206349206,"    2.2154341",3.51656206349206,3.51656206349206,3.51656206349206
"266","Belize","2021-04","60+","Belize",30999.5,0,0,0,NA,6.00724746031746,"    3.7845659",6.00724746031746,6.00724746031746,6.00724746031746
"267","Belize","2021-05","18-59","Belize",232769,0,0,0,NA,0.669772222222222,"    0.4219565",0.669772222222222,0.669772222222222,0.669772222222222
"268","Belize","2021-05","60+","Belize",30999.5,0,0,0,NA,0.917529365079365,"    0.5780435",0.917529365079365,0.917529365079365,0.917529365079365
"269","Belize","2021-06","18-59","Belize",232769,0,0,0,NA,3.92290365079365,"    2.4714293",3.92290365079365,3.92290365079365,3.92290365079365
"270","Belize","2021-06","60+","Belize",30999.5,0,0,0,NA,4.01360428571429,"    2.5285707",4.01360428571429,4.01360428571429,4.01360428571429
"271","Belize","2021-07","18-59","Belize",232769,0,0,0,NA,6.44434095238095,"    4.0599348",6.44434095238095,6.44434095238095,6.44434095238095
"272","Belize","2021-07","60+","Belize",30999.5,0,0,0,NA,6.25407174603175,"    3.9400652",6.25407174603175,6.25407174603175,6.25407174603175
"273","Belize","2021-08","18-59","Belize",232769,0,0,0,NA,14.9340206349206,"    9.4084330",14.9340206349206,14.9340206349206,14.9340206349206
"274","Belize","2021-08","60+","Belize",30999.5,0,0,0,NA,15.2247095238095,"    9.5915670",15.2247095238095,15.2247095238095,15.2247095238095
"275","Belize","2021-09","18-59","Belize",232769,0,0,0,NA,37.3810541269841,"   23.5500641",37.3810541269841,37.3810541269841,37.3810541269841
"276","Belize","2021-09","60+","Belize",30999.5,0,0,0,NA,45.1586284126984,"   28.4499359",45.1586284126984,45.1586284126984,45.1586284126984
"277","Belize","2021-10","18-59","Belize",232769,0,0,0,NA,56.1322441269841,"   35.3633138",56.1322441269841,56.1322441269841,56.1322441269841
"278","Belize","2021-10","60+","Belize",30999.5,0,0,0,NA,75.6137876190476,"   47.6366862",75.6137876190476,75.6137876190476,75.6137876190476
"279","Belize","2021-11","18-59","Belize",232769,0,0,0,NA,52.8876550793651,"   33.3192227",52.8876550793651,52.8876550793651,52.8876550793651
"280","Belize","2021-11","60+","Belize",30999.5,0,0,0,NA,72.5091703174603,"   45.6807773",72.5091703174603,72.5091703174603,72.5091703174603
"281","Belize","2021-12","18-59","Belize",232769,0,0,0,NA,19.9189755555556,"   12.5489546",19.9189755555556,19.9189755555556,19.9189755555556
"282","Belize","2021-12","60+","Belize",30999.5,0,0,0,NA,22.9381673015873,"   14.4510454",22.9381673015873,22.9381673015873,22.9381673015873
"283","Belize","2022-01","18-59","Belize",232769,0,0,0,NA,18.1733065079365,"   11.4491831",18.1733065079365,18.1733065079365,18.1733065079365
"284","Belize","2022-01","60+","Belize",30999.5,0,0,0,NA,26.2711379365079,"   16.5508169",26.2711379365079,26.2711379365079,26.2711379365079
"285","Belize","2022-02","18-59","Belize",232769,0.123,0.65,0.092,NA,10.1430304761905,"    6.3901092",33.2847571699689,20.4720701820551,27.481854867063
"286","Belize","2022-02","60+","Belize",30999.5,0.0759999999999999,0.732,0.282,NA,29.5395092063492,"   18.6098908",121.258370851323,64.3747422054909,87.9796196213573
"287","Belize","2022-03","18-59","Belize",232769,0.115,0.666,0.117,NA,1.50896,"    0.9506448",5.14143582404852,3.13138251401274,4.22831132629026
"288","Belize","2022-03","60+","Belize",30999.5,0.072,0.74,0.321,NA,4.84024634920635,"    3.0493552",20.4262554722122,10.9169952482054,14.8101924101209
"289","Belize","2022-04","18-59","Belize",232769,0.111,0.676,0.14,NA,9.95536746031746,"    6.2718815",34.8693278937933,21.1183228583193,28.6252273984567
"290","Belize","2022-04","60+","Belize",30999.5,0.0690000000000001,0.746,0.355,NA,24.9652674603175,"   15.7281185",107.738476272403,58.0081730126459,78.1240278343164
"291","Belize","2022-05","18-59","Belize",232769,0.11,0.678,0.141,NA,0.412884444444444,"    0.2601172",1.45282093085538,0.87813376134544,1.19152792720135
"292","Belize","2022-05","60+","Belize",30999.5,0.0689999999999999,0.747,0.358,NA,1.17441714285714,"    0.7398828",5.09236781612043,2.73821375861716,3.68850068548184
"293","Bolivia","2021-02","18-59","Bolivia",6687206,0.00202943418552272,0.000928508873658294,0,NA,682.365936825397,"  429.8905402",683.833331862765,683.285584069359,683.672449581285
"294","Bolivia","2021-02","60+","Bolivia",922075,0.00134830188042818,0.00135254872215028,0,NA,1512.8721584127,"  953.1094598",1516.29851404027,1514.4463393819,1515.60255451253
"295","Bolivia","2021-03","18-59","Bolivia",6687206,0.0118861700380608,0.0133522776523115,0,NA,312.091151428571,"  196.6174254",318.47555399714,316.281457643695,317.782169074816
"296","Bolivia","2021-03","60+","Bolivia",922075,0.00789685397424143,0.0194501168365526,0,NA,643.464404126984,"  405.3825746",659.304383628516,652.034271548264,656.503656238991
"297","Bolivia","2021-04","18-59","Bolivia",6687206,0.0525624981925001,0.0283534189773818,0,NA,389.515905079365,"  245.3950202",414.222426332415,404.80884651989,411.380271992477
"298","Bolivia","2021-04","60+","Bolivia",922075,0.0349211202109996,0.0413021153533557,0,NA,735.88092031746,"  463.6049798",786.530029312263,759.234605101805,776.019846594782
"299","Bolivia","2021-05","18-59","Bolivia",6687206,0.136355170266013,0.0427661341421559,0,NA,899.690691428571,"  566.8051356",1028.96581855743,974.882199301369,1012.8803691037
"300","Bolivia","2021-05","60+","Bolivia",922075,0.0905907340022547,0.0622969599174424,0,NA,1505.07121333333,"  948.1948644",1720.22947471946,1588.21168862829,1668.52260961131
"301","Bolivia","2021-06","18-59","Bolivia",6687206,0.163870247564987,0.0861838491726282,0,NA,1501.51934460317,"  945.9571871",1839.78754341525,1699.08725136421,1795.69216612489
"302","Bolivia","2021-06","60+","Bolivia",922075,0.108871016618455,0.125543070589253,0,NA,1984.19494111111," 1250.0428129",2473.27600440728,2189.87962297966,2358.35991717547
"303","Bolivia","2021-07","18-59","Bolivia",6687206,0.205442743631616,0.198796180757567,0,NA,752.272478095238,"  473.9316612",1100.23838771783,949.006329167738,1048.30333092982
"304","Bolivia","2021-07","60+","Bolivia",922075,0.1364906728855,0.289584222488492,0,NA,1077.88625206349,"  679.0683388",1715.40820491081,1345.09566648864,1552.39485155778
"305","Bolivia","2021-08","18-59","Bolivia",6687206,0.173428770071668,0.335666035709604,0,NA,378.451164285714,"  238.4242335",658.860448106267,532.131876069556,611.215140468619
"306","Bolivia","2021-08","60+","Bolivia",922075,0.115221443728538,0.488961043398015,0,NA,616.786930952381,"  388.5757665",1348.4208643316,903.497264245387,1132.74051391975
"307","Bolivia","2021-09","18-59","Bolivia",6687206,0.162,0.36,0,NA,162.710389206349,"  102.5075452",291.308547500401,232.864565351549,269.008065438604
"308","Bolivia","2021-09","60+","Bolivia",922075,0.108,0.524,0,NA,321.416594920635,"  202.4924548",747.584767457401,485.262600354847,618.097425356445
"309","Bolivia","2021-10","18-59","Bolivia",6687206,0.121,0.442,0,NA,105.277428730159,"   66.3247801",207.776880567135,160.090735602292,188.683631994412
"310","Bolivia","2021-10","60+","Bolivia",922075,0.062,0.587,0,NA,224.881301428571,"  141.6752199",555.435274748617,356.376325117938,455.846512754976
"311","Bolivia","2021-11","18-59","Bolivia",6687206,0.087,0.519,0.029,NA,118.187822539683,"   74.4583282",260.403032927594,193.443239410973,232.707614575382
"312","Bolivia","2021-11","60+","Bolivia",922075,0.05,0.625,0.142,NA,258.002653650794,"  162.5416718",696.397270719748,453.627849036303,570.449964647487
"313","Bolivia","2021-12","18-59","Bolivia",6687206,0.088,0.546,0.047,NA,275.667843492063,"  173.6707414",645.720678570824,468.572638917421,571.67307081291
"314","Bolivia","2021-12","60+","Bolivia",922075,0.0490000000000001,0.643,0.179,NA,500.522632698413,"  315.3292586",1420.43412150878,914.632606043087,1153.47835245665
"315","Bolivia","2022-01","18-59","Bolivia",6687206,0.13,0.586,0.088,NA,551.917411111111,"  347.7079690",1528.77239795887,1027.27031137483,1314.06654721898
"316","Bolivia","2022-01","60+","Bolivia",922075,0.0880000000000001,0.671,0.238,NA,1417.92385873016,"  893.2920310",4819.00195329654,2796.76019694778,3693.74899375144
"317","Bolivia","2022-02","18-59","Bolivia",6687206,0.119,0.609,0.111,NA,220.257367619048,"  138.7621416",638.195922112416,423.206438323539,545.513410931222
"318","Bolivia","2022-02","60+","Bolivia",922075,0.0780000000000001,0.691,0.27,NA,638.472791111111,"  402.2378584",2270.86830576086,1310.75789282555,1729.23633861627
"319","Bolivia","2022-03","18-59","Bolivia",6687206,0.116,0.618,0.136,NA,174.359371587302,"  109.8464041",516.819431447081,341.977679162943,441.724331172083
"320","Bolivia","2022-03","60+","Bolivia",922075,0.0759999999999999,0.699,0.311,NA,558.973961746032,"  352.1535959",2048.04881011993,1187.50735427614,1557.02966668551
"321","Bolivia","2022-04","18-59","Bolivia",6687206,0.115,0.624,0.151,NA,7.21946793650794,"    4.5482648",21.7683338956971,14.3582139939419,18.5900971249865
"322","Bolivia","2022-04","60+","Bolivia",922075,0.075,0.706,0.312,NA,18.1773574603175,"   11.4517352",68.0644401852665,38.9823598700345,51.3839426437842
"323","Bolivia","2022-05","18-59","Bolivia",6687206,0.115,0.626,0.157,NA,15.2128195238095,"    9.5840763",46.1708079875247,30.4181561811985,39.4197624157258
"324","Bolivia","2022-05","60+","Bolivia",922075,0.075,0.709,0.318,NA,43.5173392063492,"   27.4159237",164.882749551392,94.0441663040008,124.112419890543
"325","Costa Rica","2021-02","18-59","Costa Rica",3082963,0.00365882173076772,0.00934855061455851,0,NA,68.8806780952381,"   43.3948272",69.6553249887086,69.4102702241317,69.5734889499577
"326","Costa Rica","2021-02","60+","Costa Rica",792604.5,0.000185022884194733,0.0176968267926714,0,NA,242.230433015873,"  152.6051728",246.344532481106,244.889815581993,245.766840743489
"327","Costa Rica","2021-03","18-59","Costa Rica",3082963,0.0177717778139542,0.0340343646700664,0,NA,55.7237201587302,"   35.1059437",58.2439252369915,57.4085897502081,57.9680375815911
"328","Costa Rica","2021-03","60+","Costa Rica",792604.5,0.000898700682997156,0.0644271268774878,0,NA,180.784216349206,"  113.8940563",192.521508257959,188.23267705546,190.802102176231
"329","Costa Rica","2021-04","18-59","Costa Rica",3082963,0.0719680572992039,0.0595052947298,0,NA,104.859832857143,"   66.0616947",116.66810836365,112.239503202398,115.271540651154
"330","Costa Rica","2021-04","60+","Costa Rica",792604.5,0.00363935127514304,0.11264365327821,0,NA,296.727468730159,"  186.9383053",332.69762520962,318.893533060474,327.111304705301
"331","Costa Rica","2021-05","18-59","Costa Rica",3082963,0.0771891382744232,0.12535628903284,0,NA,372.84180047619,"  234.8903343",447.430691138563,419.980083575625,438.170279502526
"332","Costa Rica","2021-05","60+","Costa Rica",792604.5,0.00390337601636666,0.237299729749711,0,NA,882.713755079365,"  556.1096657",1138.9698169802,1033.42936752781,1094.76603622563
"333","Costa Rica","2021-06","18-59","Costa Rica",3082963,0.227770492827799,0.172263200794101,0,NA,368.403506825397,"  232.0942093",530.187818675033,458.896772976086,506.209218435451
"334","Costa Rica","2021-06","60+","Costa Rica",792604.5,0.0115181215753336,0.32609461646995,0,NA,671.279032857143,"  422.9057907",978.132239665852,840.546896156498,918.820912591568
"335","Costa Rica","2021-07","18-59","Costa Rica",3082963,0.479480777913027,0.180742113854615,0,NA,208.795187142857,"  131.5409679",394.307899541393,294.825117432945,359.200482591605
"336","Costa Rica","2021-07","60+","Costa Rica",792604.5,0.0242468540348337,0.342145217467751,0,NA,370.569892222222,"  233.4590321",559.872924517972,470.983372609578,521.246902657658
"337","Costa Rica","2021-08","18-59","Costa Rica",3082963,0.512179635144827,0.258976152303288,0,NA,238.085471111111,"  149.9938468",547.127636383342,369.919223145194,479.245178248882
"338","Costa Rica","2021-08","60+","Costa Rica",792604.5,0.0259004019035434,0.490242423633731,0,NA,488.898655873016,"  308.0061532",936.507635454748,702.536213467216,828.000990846204
"339","Costa Rica","2021-09","18-59","Costa Rica",3082963,0.353,0.426,0,NA,330.237576349206,"  208.0496731",876.415059113351,563.004445130713,745.211346389084
"340","Costa Rica","2021-09","60+","Costa Rica",792604.5,0.017,0.806,0,NA,1011.03226492064,"  636.9503269",4338.17023844429,2005.78159485424,2972.46679504991
"341","Costa Rica","2021-10","18-59","Costa Rica",3082963,0.312,0.539,0,NA,245.309382698413,"  154.5449111",829.743045539118,467.770960597406,663.099050986698
"342","Costa Rica","2021-10","60+","Costa Rica",792604.5,0.022,0.811,0,NA,886.436649047619,"  558.4550889",3945.15398570305,1772.11483294674,2658.26471745595
"343","Costa Rica","2021-11","18-59","Costa Rica",3082963,0.256,0.646,0,NA,88.1282680952381,"   55.5208089",383.95097850058,186.853364179843,284.161904516235
"344","Costa Rica","2021-11","60+","Costa Rica",792604.5,0.022,0.821,0,NA,329.332049365079,"  207.4791911",1529.42947738392,666.537236568506,1012.11982161958
"345","Costa Rica","2021-12","18-59","Costa Rica",3082963,0.256,0.646,0,NA,25.0085877777778,"   15.7554103",108.955638817487,53.024289035327,80.6380073702908
"346","Costa Rica","2021-12","60+","Costa Rica",792604.5,0.022,0.821,0,NA,73.4041106349206,"   46.2445897",340.891239655044,148.563047992731,225.589205500014
"347","Costa Rica","2022-01","18-59","Costa Rica",3082963,0.09,0.857,0.035,NA,61.1489846031746,"   38.5238603",462.16449703858,161.166916885446,279.653528463735
"348","Costa Rica","2022-01","60+","Costa Rica",792604.5,0.0110000000000001,0.843,0.555,NA,245.200221746032,"  154.4761397",1418.36715399006,760.270688819603,987.714095481219
"349","Costa Rica","2022-02","18-59","Costa Rica",3082963,0.081,0.87,0.047,NA,129.677962698413,"   81.6971165",1036.51157140446,349.429857478484,614.180569927663
"350","Costa Rica","2022-02","60+","Costa Rica",792604.5,0.00799999999999997,0.847,0.589,NA,610.004576984127,"  384.3028835",3598.71967354623,1963.02012236322,2514.38164805404
"351","Costa Rica","2022-03","18-59","Costa Rica",3082963,0.081,0.87,0.047,NA,68.4780603174603,"   43.1411780",547.342820857328,184.520780240682,324.325685244849
"352","Costa Rica","2022-03","60+","Costa Rica",792604.5,0.00799999999999997,0.847,0.589,NA,368.029876190476,"  231.8588220",2171.19084982524,1184.33546214449,1516.98462854814
"353","Costa Rica","2022-04","18-59","Costa Rica",3082963,0.06,0.904,0.469,NA,37.8456852380952,"   23.8427817",434.433624956611,144.565053050519,266.039289998982
"354","Costa Rica","2022-04","60+","Costa Rica",792604.5,0.00700000000000003,0.851,0.697,NA,147.86860047619,"   93.1572183",920.342076942935,533.142242832024,650.765374906327
"355","Costa Rica","2022-05","18-59","Costa Rica",3082963,0.06,0.904,0.469,NA,25.5643815873016,"   16.1055604",293.45556548587,97.6522464085779,179.706877652272
"356","Costa Rica","2022-05","60+","Costa Rica",792604.5,0.00700000000000003,0.851,0.697,NA,117.292761269841,"   73.8944396",730.036418616401,422.900640230469,516.202003101105
"357","Ecuador","2021-02","18-59","Ecuador",10246326,0.00487537937522518,0.000563249987526476,0,NA,366.426164126984,"  230.8484834",367.742455347909,367.198342735253,367.593644809212
"358","Ecuador","2021-02","60+","Ecuador",1967790.5,0.00425468316565525,0.00040326837219379,0,NA,1001.82780412698,"  631.1515166",1005.35979463627,1002.74510080619,1004.40273404731
"359","Ecuador","2021-03","18-59","Ecuador",10246326,0.0255676814574592,0.00584771078292427,0,NA,475.876035079365,"  299.8019021",486.335103143889,482.139089088298,485.147950957527
"360","Ecuador","2021-03","60+","Ecuador",1967790.5,0.0223125987763492,0.00418676761777842,0,NA,1217.77475857143,"  767.1980979",1243.08800803359,1225.20609888213,1236.46725066719
"361","Ecuador","2021-04","18-59","Ecuador",10246326,0.0766152336126057,0.0217477508938982,0,NA,829.760990793651,"  522.7494242",890.718319390364,865.949137363049,883.52716310551
"362","Ecuador","2021-04","60+","Ecuador",1967790.5,0.0668611649671349,0.0155706707431505,0,NA,1982.93742190476," 1249.2505758",2118.18530402756,2023.46015234156,2082.35716255903
"363","Ecuador","2021-05","18-59","Ecuador",10246326,0.100431923961823,0.0684065086868373,0,NA,1059.95810904762,"  667.7736087",1214.73211166578,1154.42729845333,1195.83995630702
"364","Ecuador","2021-05","60+","Ecuador",1967790.5,0.0876456955013887,0.0489767989640737,0,NA,2103.53395444444," 1325.2263913",2364.68281182949,2199.73766687292,2300.59183522476
"365","Ecuador","2021-06","18-59","Ecuador",10246326,0.147292908003437,0.124985714563612,0,NA,612.486424920635,"  385.8664477",775.465720138542,709.499655233061,753.898825781018
"366","Ecuador","2021-06","60+","Ecuador",1967790.5,0.128540695578933,0.0894856400812196,0,NA,974.815162380952,"  614.1335523",1186.61828054731,1053.79282587412,1133.34919047142
"367","Ecuador","2021-07","18-59","Ecuador",10246326,0.58001611190434,0.212101368296922,0,NA,3863.27271174603," 2433.8618084",8839.34594028646,5930.27120122708,7741.56619028428
"368","Ecuador","2021-07","60+","Ecuador",1967790.5,0.506172873370337,0.151857568446292,0,NA,12082.7590342857," 7612.1381916",24922.5706473315,14599.8625415484,19771.7297521431
"369","Ecuador","2021-08","18-59","Ecuador",10246326,0.153635948581358,0.759027522393061,0,NA,335.313070952381,"  211.2472347",1796.03275256974,777.725382204296,1237.92464234083
"370","Ecuador","2021-08","60+","Ecuador",1967790.5,0.134076188489104,0.543438615507022,0,NA,701.194865555556,"  441.7527653",1786.35946258823,1084.82700712057,1429.27467657309
"371","Ecuador","2021-09","18-59","Ecuador",10246326,0.098,0.84,0,NA,240.381776190476,"  151.4405190",1658.37720724716,607.199487202064,1031.93477622179
"372","Ecuador","2021-09","60+","Ecuador",1967790.5,0.086,0.601,0,NA,581.840446031746,"  366.5594810",1555.38209812754,940.445469966584,1239.55029487177
"373","Ecuador","2021-10","18-59","Ecuador",10246326,0.098,0.84,0,NA,85.7363850793651,"   54.0139226",591.489376194309,216.568368367068,368.057673726619
"374","Ecuador","2021-10","60+","Ecuador",1967790.5,0.0359999999999999,0.862,0,NA,257.120757777778,"  161.9860774",1543.00846022335,550.810956585157,902.454216791165
"375","Ecuador","2021-11","18-59","Ecuador",10246326,0.075,0.84,0.011,NA,99.642446984127,"   62.7747416",627.352811081829,248.136523992816,407.828139221867
"376","Ecuador","2021-11","60+","Ecuador",1967790.5,0.035,0.869,0.068,NA,306.706759365079,"  193.2252584",1951.69399337622,692.195000519258,1128.41814261051
"377","Ecuador","2021-12","18-59","Ecuador",10246326,0.066,0.84,0.038,NA,199.248794761905,"  125.5267407",1220.58805906582,499.688510384818,809.953133254681
"378","Ecuador","2021-12","60+","Ecuador",1967790.5,0.0289999999999999,0.884,0.305,NA,491.227395714286,"  309.4732593",3645.93229360502,1339.95836244585,2090.1461221454
"379","Ecuador","2022-01","18-59","Ecuador",10246326,0.0640000000000001,0.848,0.133,NA,307.822808095238,"  193.9283691",2016.46069958559,825.399417852936,1346.02417983106
"380","Ecuador","2022-01","60+","Ecuador",1967790.5,0.033,0.894,0.515,NA,1031.8597315873,"  650.0716309",9288.92048059865,3446.75914362881,5154.48951921508
"381","Ecuador","2022-02","18-59","Ecuador",10246326,0.062,0.856,0.22,NA,238.269563015873,"  150.1098247",1672.8888788589,682.90474516309,1122.00985034758
"382","Ecuador","2022-02","60+","Ecuador",1967790.5,0.03,0.899,0.587,NA,922.047897301587,"  580.8901753",8804.21565676406,3340.19655166743,4871.50306752222
"383","Ecuador","2022-03","18-59","Ecuador",10246326,0.057,0.865,0.36,NA,52.5823920634921,"   33.1269070",402.159786336459,167.732813794079,276.235923869376
"384","Ecuador","2022-03","60+","Ecuador",1967790.5,0.028,0.903,0.651,NA,228.369988888889,"  143.8730930",2306.72096411071,893.885974983908,1271.67668933538
"385","Ecuador","2022-04","18-59","Ecuador",10246326,0.055,0.869,0.415,NA,62.1171692063492,"   39.1338166",493.99315445027,207.560218283471,342.557414656463
"386","Ecuador","2022-04","60+","Ecuador",1967790.5,0.027,0.905,0.676,NA,202.962195873016,"  127.8661834",2102.86473753863,821.00130605193,1156.10031051356
"387","Ecuador","2022-05","18-59","Ecuador",10246326,0.0530000000000001,0.871,0.435,NA,14.631776984127,"    9.2180195",117.803445788229,49.7369901868123,82.0648956569049
"388","Ecuador","2022-05","60+","Ecuador",1967790.5,0.027,0.905,0.685,NA,55.2094928571429,"   34.7819805",574.913234863147,225.69400361025,316.384965456604
"389","El Salvador","2021-02","18-59","El Salvador",3623261,0.00304103997919641,0,0,NA,97.6100485714286,"   61.4943306",97.7959243938562,97.7149443048538,97.7745945634214
"390","El Salvador","2021-02","60+","El Salvador",723454,0,0,0,NA,272.231221269841,"  171.5056694",272.231221269841,272.231221269841,272.231221269841
"391","El Salvador","2021-03","18-59","El Salvador",3623261,0.0189789404451661,0,0,NA,71.8530525396825,"   45.2674231",72.7155931090903,72.3376836237536,72.6157316216849
"392","El Salvador","2021-03","60+","El Salvador",723454,0,0,0,NA,180.52789984127,"  113.7325769",180.52789984127,180.52789984127,180.52789984127
"393","El Salvador","2021-04","18-59","El Salvador",3623261,0.145212509981609,0.0155239768464759,0,NA,57.0599665079365,"   35.9477789",63.7846534788247,60.8175983864194,62.9477357460224
"394","El Salvador","2021-04","60+","El Salvador",723454,0,0.0181143756791495,0,NA,123.892414444444,"   78.0522211",126.029247344901,125.281282480896,125.731765795327
"395","El Salvador","2021-05","18-59","El Salvador",3623261,0.0676650401871071,0.16062829012276,0,NA,68.5051336507937,"   43.1582342",85.002861732419,78.9950197684318,82.9114048139514
"396","El Salvador","2021-05","60+","El Salvador",723454,0,0.187431430796268,0,NA,129.907564761905,"   81.8417658",157.546941512611,146.73979883788,153.079088801152
"397","El Salvador","2021-06","18-59","El Salvador",3623261,0.0943784856893619,0.22287216185195,0,NA,84.8011238095238,"   53.4247080",116.102423987779,103.976836833616,111.780214155332
"398","El Salvador","2021-06","60+","El Salvador",723454,0,0.260061587835139,0,NA,123.135384126984,"   77.5752920",162.752122767276,146.442897698626,155.872653202091
"399","El Salvador","2021-07","18-59","El Salvador",3623261,0.253597455620154,0.30441381746801,0,NA,153.570441587302,"   96.7493782",277.287784821592,218.112713349923,255.383103379599
"400","El Salvador","2021-07","60+","El Salvador",723454,0,0.355209641580429,0,NA,222.620034603175,"  140.2506218",333.501281572861,284.457841337259,312.171965533049
"401","El Salvador","2021-08","18-59","El Salvador",3623261,0.148536746808868,0.564521421193999,0,NA,166.828509206349,"  105.1019608",446.433434113878,295.365271097474,380.238616886267
"402","El Salvador","2021-08","60+","El Salvador",723454,0,0.658719940358382,0,NA,303.012760634921,"  190.8980392",790.252018055833,507.675227550297,647.438571920987
"403","El Salvador","2021-09","18-59","El Salvador",3623261,0.07,0.671,0,NA,147.155203650794,"   92.7077783",456.783857617586,282.799342850212,375.538287347688
"404","El Salvador","2021-09","60+","El Salvador",723454,0,0.782,0,NA,349.670193174603,"  220.2922217",1304.50588392603,670.616538760995,949.012728696018
"405","El Salvador","2021-10","18-59","El Salvador",3623261,0.092,0.716,0.018,NA,169.063057301587,"  106.5097261",637.805324259959,353.62921959,498.290109186773
"406","El Salvador","2021-10","60+","El Salvador",723454,0,0.805,0.096,NA,465.857577619048,"  293.4902739",1930.32774894358,971.159780899093,1375.78741430904
"407","El Salvador","2021-11","18-59","El Salvador",3623261,0.0540000000000001,0.783,0.099,NA,60.6253868253968,"   38.1939937",273.259653950225,141.619643775776,206.528426051872
"408","El Salvador","2021-11","60+","El Salvador",723454,0.0189999999999999,0.829,0.401,NA,180.644454444444,"  113.8060063",958.839773270795,482.772921245185,660.665046416004
"409","El Salvador","2021-12","18-59","El Salvador",3623261,0.0540000000000001,0.783,0.099,NA,22.8892266666667,"   14.4202128",103.16968658914,53.4687578352636,77.9751883584005
"410","El Salvador","2021-12","60+","El Salvador",723454,0.0189999999999999,0.829,0.401,NA,54.8885511111111,"   34.5797872",291.342051237592,146.689840240715,200.742100160521
"411","El Salvador","2022-01","18-59","El Salvador",3623261,0.0540000000000001,0.783,0.099,NA,25.7335052380952,"   16.2121083",115.989837005748,60.1129334715343,87.6646007872566
"412","El Salvador","2022-01","60+","El Salvador",723454,0.0189999999999999,0.829,0.401,NA,82.2030026984127,"   51.7878917",436.323986318466,219.687805362679,300.638349293938
"413","El Salvador","2022-02","18-59","El Salvador",3623261,0.0460000000000001,0.803,0.229,NA,59.9785031746032,"   37.7864570",296.76168014746,154.388795527821,226.258668528449
"414","El Salvador","2022-02","60+","El Salvador",723454,0.0189999999999999,0.829,0.343,NA,220.973877777778,"  139.2135430",1153.72382422573,565.316852214277,788.52386504363
"415","El Salvador","2022-03","18-59","El Salvador",3623261,0.0460000000000001,0.808,0.262,NA,15.4344323809524,"    9.7236924",78.7873015873016,40.8562589827579,60.101525591117
"416","El Salvador","2022-03","60+","El Salvador",723454,0.0159999999999999,0.842,0.513,NA,63.930646984127,"   40.2763076",370.840324977244,191.157298720628,254.340400464225
"417","El Salvador","2022-04","18-59","El Salvador",3623261,0.0460000000000001,0.808,0.262,NA,3.83375444444444,"    2.4152653",19.5699563269242,10.1482750121619,14.9286015297323
"418","El Salvador","2022-04","60+","El Salvador",723454,0.0159999999999999,0.842,0.513,NA,12.0392614285714,"    7.5847347",69.8357334279118,35.9982700292173,47.8967555857306
"419","El Salvador","2022-05","18-59","El Salvador",3623261,0.0460000000000001,0.808,0.262,NA,1.37582698412698,"    0.8667710",7.02310864791722,3.64193137729697,5.35745653967191
"420","El Salvador","2022-05","60+","El Salvador",723454,0.0159999999999999,0.842,0.513,NA,4.97337936507937,"    3.1332290",28.8489121725777,14.8707671483057,19.7859924628772
"421","Guatemala","2021-02","18-59","Guatemala",9427040,0.000206682188939491,0,0,NA,378.782054444444,"  238.6326943",378.83099045591,378.809691949807,378.825383705148
"422","Guatemala","2021-02","60+","Guatemala",1251796,0.000157172226194178,0,0,NA,821.217945555556,"  517.3673057",821.313083120939,821.238210462086,821.285843384162
"423","Guatemala","2021-03","18-59","Guatemala",9427040,0.00983050747671239,9.12127544837934e-05,0,NA,237.700398412698,"  149.7512510",239.190618929805,238.542934774567,239.019212247787
"424","Guatemala","2021-03","60+","Guatemala",1251796,0.00747564535029062,0.000226451312719715,0,NA,474.998014285714,"  299.2487490",477.731358578181,475.62215636805,476.960741857561
"425","Guatemala","2021-04","18-59","Guatemala",9427040,0.0155231892058839,0.000145236416115973,0,NA,392.090935396825,"  247.0172893",395.987148649376,394.290348501527,395.537562911108
"426","Guatemala","2021-04","60+","Guatemala",1251796,0.011804665983272,0.000360574321763438,0,NA,682.512239206349,"  429.9827107",688.736722401517,683.930714273769,686.97790758254
"427","Guatemala","2021-05","18-59","Guatemala",9427040,0.0332600338706431,0.00598185793310535,0,NA,414.89669984127,"  261.3849209",426.164653919142,421.555802549928,424.873715017564
"428","Guatemala","2021-05","60+","Guatemala",1251796,0.0252927143532101,0.0148509886486898,0,NA,596.214411269841,"  375.6150791",616.268564295028,604.103863470663,611.68868291015
"429","Guatemala","2021-06","18-59","Guatemala",9427040,0.0583618831017889,0.0122768388455292,0,NA,758.400929206349,"  477.7925854",796.704731708723,780.991451733763,792.242015553747
"430","Guatemala","2021-06","60+","Guatemala",1251796,0.044381507371581,0.0304793588172194,0,NA,844.773673968254,"  532.2074146",899.880416647982,866.986976394787,887.329838258846
"431","Guatemala","2021-07","18-59","Guatemala",9427040,0.138358670407486,0.0256829711731657,0,NA,800.20326015873,"  504.1280539",899.857610365961,856.981420175914,887.499737950647
"432","Guatemala","2021-07","60+","Guatemala",1251796,0.10521535674067,0.0637623824608798,0,NA,947.415787460317,"  596.8719461",1098.10335900753,1003.13108112992,1060.74323770981
"433","Guatemala","2021-08","18-59","Guatemala",9427040,0.195044513366503,0.0959712749119219,0,NA,1053.38770190476,"  663.6342522",1337.79770992336,1216.26959938037,1299.48214620886
"434","Guatemala","2021-08","60+","Guatemala",1251796,0.148322313258199,0.238265156119705,0,NA,1546.61229809524,"  974.3657478",2316.43128337904,1861.3808873078,2119.9261321823
"435","Guatemala","2021-09","18-59","Guatemala",9427040,0.194,0.155,0,NA,893.632168730159,"  562.9882663",1220.35050866158,1081.3188429363,1174.12098309668
"436","Guatemala","2021-09","60+","Guatemala",1251796,0.147,0.386,0,NA,1707.95513285714," 1076.0117337",3220.33907376456,2305.90049650682,2795.59831116734
"437","Guatemala","2021-10","18-59","Guatemala",9427040,0.183,0.227,0,NA,760.902726984127,"  479.3687180",1133.79733126332,973.650153851435,1077.61998089795
"438","Guatemala","2021-10","60+","Guatemala",1251796,0.116,0.447,0,NA,1612.11314603175," 1015.6312820",3249.46816073609,2276.2757913199,2789.18678771167
"439","Guatemala","2021-11","18-59","Guatemala",9427040,0.175,0.278,0,NA,455.577088412698,"  287.0135657",725.539425579415,607.64595828786,682.774145376908
"440","Guatemala","2021-11","60+","Guatemala",1251796,0.105,0.481,0,NA,985.692752857143,"  620.9864343",2086.56824603173,1430.31671635226,1771.82678150546
"441","Guatemala","2021-12","18-59","Guatemala",9427040,0.141,0.369,0,NA,99.4234858730159,"   62.6367961",176.542581943314,142.024421105809,163.300609543924
"442","Guatemala","2021-12","60+","Guatemala",1251796,0.086,0.53,0,NA,176.76699031746,"  111.3632039",401.25253739169,266.963971736194,335.589347068475
"443","Guatemala","2022-01","18-59","Guatemala",9427040,0.129,0.406,0.075,NA,132.365148095238,"   83.3900433",248.652430062627,199.782879797203,230.240379445667
"444","Guatemala","2022-01","60+","Guatemala",1251796,0.0709999999999999,0.547,0.188,NA,297.793582063492,"  187.6099567",699.819711614231,496.368137185062,596.989372765736
"445","Guatemala","2022-02","18-59","Guatemala",9427040,0.122,0.433,0.132,NA,263.387449365079,"  165.9340931",517.842122123528,415.40092573066,479.859426489793
"446","Guatemala","2022-02","60+","Guatemala",1251796,0.067,0.563,0.282,NA,669.945883968254,"  422.0659069",1640.31556336721,1188.4605070493,1404.57997982326
"447","Guatemala","2022-03","18-59","Guatemala",9427040,0.119,0.456,0.181,NA,139.116771269841,"   87.6435659",285.919046509868,228.568752568979,264.969487936945
"448","Guatemala","2022-03","60+","Guatemala",1251796,0.066,0.576,0.338,NA,391.041958888889,"  246.3564341",992.567857676698,724.444236541583,849.306160672546
"449","Guatemala","2022-04","18-59","Guatemala",9427040,0.117,0.466,0.2,NA,122.636593968254,"   77.2610542",256.827873987192,204.957615125995,237.97931239505
"450","Guatemala","2022-04","60+","Guatemala",1251796,0.065,0.582,0.356,NA,274.188802857143,"  172.7389458",706.455501681554,516.282394384951,603.95020457863
"451","Guatemala","2022-05","18-59","Guatemala",9427040,0.117,0.476,0.224,NA,257.312001428571,"  162.1065609",551.018794215047,438.916970315333,510.639989657832
"452","Guatemala","2022-05","60+","Guatemala",1251796,0.065,0.588,0.381,NA,650.624506507937,"  409.8934391",1706.99038577143,1250.69348112196,1458.10690463125
"453","Honduras","2021-02","18-59","Honduras",5820614.5,0,0,0,NA,283.868040952381,"  178.8368658",283.868040952381,283.868040952381,283.868040952381
"454","Honduras","2021-02","60+","Honduras",673334,0,0,0,NA,576.449419365079,"  363.1631342",576.449419365079,576.449419365079,576.449419365079
"455","Honduras","2021-03","18-59","Honduras",5820614.5,0,0,0,NA,260.545201904762,"  164.1434772",260.545201904762,260.545201904762,260.545201904762
"456","Honduras","2021-03","60+","Honduras",673334,0,0,0,NA,482.311940952381,"  303.8565228",482.311940952381,482.311940952381,482.311940952381
"457","Honduras","2021-04","18-59","Honduras",5820614.5,0,0,0,1850.1,388.675663333333,"  244.8656679",388.675663333333,388.675663333333,388.675663333333
"458","Honduras","2021-04","60+","Honduras",673334,0,0,0,3116.1,624.022749365079,"  393.1343321",624.022749365079,624.022749365079,624.022749365079
"459","Honduras","2021-05","18-59","Honduras",5820614.5,0,0,0,671.1,743.468927619048,"  468.3854244",743.468927619048,743.468927619048,743.468927619048
"460","Honduras","2021-05","60+","Honduras",673334,0,0,0,1400,959.705675555555,"  604.6145756",959.705675555555,959.705675555555,959.705675555555
"461","Honduras","2021-06","18-59","Honduras",5820614.5,0,0,0,NA,505.618038571429,"  318.5393643",505.618038571429,505.618038571429,505.618038571429
"462","Honduras","2021-06","60+","Honduras",673334,0,0,0,NA,488.032755079365,"  307.4606357",488.032755079365,488.032755079365,488.032755079365
"463","Honduras","2021-07","18-59","Honduras",5820614.5,0,0,0,NA,721.761507777778,"  454.7097499",721.761507777778,721.761507777778,721.761507777778
"464","Honduras","2021-07","60+","Honduras",673334,0,0,0,NA,660.778174761905,"  416.2902501",660.778174761905,660.778174761905,660.778174761905
"465","Honduras","2021-08","18-59","Honduras",5820614.5,0,0,0,NA,840.672470634921,"  529.6236565",840.672470634921,840.672470634921,840.672470634921
"466","Honduras","2021-08","60+","Honduras",673334,0,0,0,NA,808.533878571429,"  509.3763435",808.533878571429,808.533878571429,808.533878571429
"467","Honduras","2021-09","18-59","Honduras",5820614.5,0,0,0,NA,684.849615238095,"  431.4552576",684.849615238095,684.849615238095,684.849615238095
"468","Honduras","2021-09","60+","Honduras",673334,0,0,0,NA,780.22974984127,"  491.5447424",780.22974984127,780.22974984127,780.22974984127
"469","Honduras","2021-10","18-59","Honduras",5820614.5,0,0,0,NA,339.212841587302,"  213.7040902",339.212841587302,339.212841587302,339.212841587302
"470","Honduras","2021-10","60+","Honduras",673334,0,0,0,NA,430.628428253968,"  271.2959098",430.628428253968,430.628428253968,430.628428253968
"471","Honduras","2021-11","18-59","Honduras",5820614.5,0.039,0.194,0,NA,82.0300931746032,"   51.6789587",103.53478587471,95.975192698503,100.800199037592
"472","Honduras","2021-11","60+","Honduras",673334,0.108,0.571,0,NA,176.700065555556,"  111.3210413",457.833867659777,278.886200513194,366.557796529082
"473","Honduras","2021-12","18-59","Honduras",5820614.5,0.039,0.194,0,NA,17.7173665079365,"   11.1619409",22.3620829462972,20.7293152903021,21.7714499801994
"474","Honduras","2021-12","60+","Honduras",673334,0.108,0.571,0,NA,31.4889826984127,"   19.8380591",81.5886666038241,49.6991481874972,65.3227381471655
"475","Honduras","2022-01","18-59","Honduras",5820614.5,0.039,0.194,0,NA,33.7984342857143,"   21.2930136",42.6589014012638,39.5441613917783,41.5321837548975
"476","Honduras","2022-01","60+","Honduras",673334,0.108,0.571,0,NA,77.3126768253968,"   48.7069864",200.318894839193,122.022810934161,160.382308697969
"477","Honduras","2022-02","18-59","Honduras",5820614.5,0.039,0.194,0,NA,120.124131111111,"   75.6782026",151.615409804569,140.545209507314,147.610905420338
"478","Honduras","2022-02","60+","Honduras",673334,0.108,0.571,0,NA,310.034599047619,"  195.3217974",803.306660606141,489.328462240084,643.155389429902
"479","Honduras","2022-03","18-59",NA,NA,0,0.346,0.172,NA,43.9624717460317,"   27.6963572",66.0801631559647,60.4521164559557,64.1477377462702
"480","Honduras","2022-03","60+",NA,NA,0.07,0.66,0.38,NA,122.704194920635,"   77.3036428",395.654064168687,257.9716071074,318.255890050201
"481","Honduras","2022-04","18-59","Honduras",5820614.5,0.025,0.346,0.186,NA,6.41090412698413,"    4.0388696",9.87759385392795,8.96260162168633,9.5716136823182
"482","Honduras","2022-04","60+","Honduras",673334,0.0689999999999999,0.664,0.421,NA,14.2240165079365,"    8.9611304",46.6500382341502,30.8178652151908,37.6262690199366
"483","Honduras","2022-05","18-59","Honduras",5820614.5,0.025,0.346,0.186,NA,2.72236650793651,"    1.7150909",4.1944833605838,3.8059353244976,4.06455002282308
"484","Honduras","2022-05","60+","Honduras",673334,0.0689999999999999,0.664,0.421,NA,6.80144301587302,"    4.2849091",22.3064685393774,14.7360595381074,17.9916076796042
"485","Venezuela","2021-02","18-59","Venezuela",15088111.5,9.77821470391488e-06,0,0,NA,60.9588711111111,"   38.4040888",60.959243656469,60.9590815241696,60.9592009774419
"486","Venezuela","2021-02","60+","Venezuela",3552172,0,0,0,NA,194.596684444444,"  122.5959112",194.596684444444,194.596684444444,194.596684444444
"487","Venezuela","2021-03","18-59","Venezuela",15088111.5,0.000885831514227907,0,0,NA,98.3736601587302,"   61.9754059",98.4281543843808,98.4044310791351,98.4219084640204
"488","Venezuela","2021-03","60+","Venezuela",3552172,0,0,0,NA,280.991419206349,"  177.0245941",280.991419206349,280.991419206349,280.991419206349
"489","Venezuela","2021-04","18-59","Venezuela",15088111.5,0.0155704055794823,0,0,NA,242.257203492063,"  152.6220382",244.637898050033,243.596093653508,244.362795213188
"490","Venezuela","2021-04","60+","Venezuela",3552172,0,0,0,NA,586.314225079365,"  369.3779618",586.314225079365,586.314225079365,586.314225079365
"491","Venezuela","2021-05","18-59","Venezuela",15088111.5,0.0196809926524656,0,0,NA,282.650791904762,"  178.0699989",286.170871162701,284.628215236665,285.763170426103
"492","Venezuela","2021-05","60+","Venezuela",3552172,0,0,0,NA,536.396827142857,"  337.9300011",536.396827142857,536.396827142857,536.396827142857
"493","Venezuela","2021-06","18-59","Venezuela",15088111.5,0.0622362812968817,0.0139761078257246,0,NA,310.750631269841,"  195.7728977",327.832368881559,320.839496088462,325.837453821815
"494","Venezuela","2021-06","60+","Venezuela",3552172,0,0,0,NA,433.693813174603,"  273.2271023",433.693813174603,433.693813174603,433.693813174603
"495","Venezuela","2021-07","18-59","Venezuela",15088111.5,0.112106920172273,0.0686762081690046,0,NA,323.999478412698,"  204.1196714",374.55108026849,354.5380423787,368.314572033537
"496","Venezuela","2021-07","60+","Venezuela",3552172,0,0,0,NA,428.381473968254,"  269.8803286",428.381473968254,428.381473968254,428.381473968254
"497","Venezuela","2021-08","18-59","Venezuela",15088111.5,0.166274679579489,0.208310360306971,0,NA,292.160733492063,"  184.0612621",417.835058761911,365.168684420247,399.557125716974
"498","Venezuela","2021-08","60+","Venezuela",3552172,0,0,0,NA,406.251964920635,"  255.9387379",406.251964920635,406.251964920635,406.251964920635
"499","Venezuela","2021-09","18-59","Venezuela",15088111.5,0.085,0.236,0,NA,265.605816825397,"  167.3316646",366.932350851202,327.91367864595,352.874786167873
"500","Venezuela","2021-09","60+","Venezuela",3552172,0,0,0,NA,440.74338952381,"  277.6683354",440.74338952381,440.74338952381,440.74338952381
"501","Venezuela","2021-10","18-59","Venezuela",15088111.5,0.153,0.334,0,NA,238.900143650794,"  150.5070905",405.778637017374,332.018339034845,378.06793262766
"502","Venezuela","2021-10","60+","Venezuela",3552172,0,0,0,NA,445.22684047619,"  280.4929095",445.22684047619,445.22684047619,445.22684047619
"503","Venezuela","2021-11","18-59","Venezuela",15088111.5,0.294,0.423,0,NA,144.530645396825,"   91.0543066",346.999856900293,237.159424960004,302.148805891061
"504","Venezuela","2021-11","60+","Venezuela",3552172,0,0,0,NA,274.516973650794,"  172.9456934",274.516973650794,274.516973650794,274.516973650794
"505","Venezuela","2021-12","18-59","Venezuela",15088111.5,0.358,0.451,0,NA,112.680495714286,"   70.9887123",321.893690175217,198.434256551552,268.821850039402
"506","Venezuela","2021-12","60+","Venezuela",3552172,0,0,0,NA,177.795694761905,"  112.0112877",177.795694761905,177.795694761905,177.795694761905
"507","Venezuela","2022-01","18-59","Venezuela",15088111.5,0.358,0.451,0,NA,60.6104322222222,"   38.1845723",173.145454920576,106.737070874992,144.598303534086
"508","Venezuela","2022-01","60+","Venezuela",3552172,0,0,0,NA,121.92925031746,"   76.8154277",121.92925031746,121.92925031746,121.92925031746
"509","Venezuela","2022-02","18-59","Venezuela",15088111.5,0.279,0.58,0.027,NA,52.7884538095238,"   33.2567259",191.047930981592,105.097871520656,150.777369677648
"510","Venezuela","2022-02","60+","Venezuela",3552172,0.203,0.422,0.066,NA,256.735355714286,"  161.7432741",568.208510034207,371.618664519989,471.362572969961
"511","Venezuela","2022-03","18-59","Venezuela",15088111.5,0.279,0.58,0.027,NA,12.0721128571429,"    7.6054311",43.6904667118195,24.0346756626155,34.4810520425458
"512","Venezuela","2022-03","60+","Venezuela",3552172,0.203,0.422,0.066,NA,67.2929665079365,"   42.3945689",148.933270717138,97.4050585112932,123.548958606473
"513","Venezuela","2022-04","18-59",NA,NA,0.279,0.58,0.027,NA,8.21935555555556,"    5.1781940",29.7468624210327,16.3641234364876,23.4765885658209
"514","Venezuela","2022-04","60+",NA,NA,0.203,0.422,0.066,NA,33.0504857142857,"   20.8218060",73.1475693769285,47.8398361951688,60.6802360385838
"515","Venezuela","2022-05","18-59",NA,NA,0.279,0.58,0.027,NA,3.87394492063492,"    2.4405853",14.0202848996957,7.71273519425443,11.0649807535003
"516","Venezuela","2022-05","60+",NA,NA,0.203,0.422,0.066,NA,18.3482773015873,"   11.5594147",40.6085374498704,26.5587195347044,33.6871841214867
"517","Mexico","2020-12","18-59","Mexico",73472577,0.000238707126145621,0,0,55866,12812.6984126984,NA,12814.6102494392,12813.7781479738,12814.3912004857
"518","Mexico","2020-12","60+","Mexico",15088323.5,0.000181675198689435,0,0,92935,24484.126984127,NA,24487.4057160452,24484.8253649525,24486.4669391776
"519","Mexico","2021-01","18-59","Mexico",73472577,0.0060300811886578,0.000434572858266424,0,69130,21053.9682539683,NA,21142.332040734,21105.1114063432,21132.2807981213
"520","Mexico","2021-01","60+","Mexico",15088323.5,0.004589373663669,0.000502940307543192,0,118212,40122.2222222222,NA,40277.4159600694,40163.5236239923,40235.694329446
"521","Mexico","2021-02","18-59","Mexico",73472577,0.0126453185491325,0.00587250822713006,0,76812,12193.6507936508," 6324.3526421",12359.9269675431,12297.5076485684,12341.518597792
"522","Mexico","2021-02","60+","Mexico",15088323.5,0.00962409793540625,0.00679637726475776,0,133487,24246.0317460317,"18468.6473579",24576.6956859198,24384.2996561216,24504.5803028734
"523","Mexico","2021-03","18-59","Mexico",73472577,0.0569063637040588,0.00982352558887854,0,81047,6722.22222222222," 3574.3267558",7037.8685799906,6906.97195769947,7001.06210229162
"524","Mexico","2021-03","60+","Mexico",15088323.5,0.0433102903108189,0.0113689727438063,0,141920,13385.7142857143,"10067.6732442",13980.7495612347,13572.4374591298,13827.6857726537
"525","Mexico","2021-04","18-59","Mexico",73472577,0.0481032768907837,0.0772767277612679,0,83681,4180.95238095238," 2262.0326698",4661.51264066196,4492.62403169101,4605.57428461939
"526","Mexico","2021-04","60+","Mexico",15088323.5,0.036610437768895,0.0894339820973271,0,146574,7387.30158730159," 5613.9673302",8306.79856357352,7862.8585624402,8131.17366957138
"527","Mexico","2021-05","18-59","Mexico",73472577,0.089586503700412,0.128945303161265,0,85592,3033.33333333333," 1331.5483809",3689.49027487998,3443.24845061514,3606.81794752742
"528","Mexico","2021-05","60+","Mexico",15088323.5,0.0681824884010179,0.149231110950831,0,148455,2985.71428571429," 2836.4516191",3685.75220065557,3324.97509582035,3539.18236167646
"529","Mexico","2021-06","18-59","Mexico",73472577,0.114057450435114,0.20321570736228,0,87333,2763.49206349206," 1153.4213872",3751.30298379702,3362.08643755152,3615.09321897573
"530","Mexico","2021-06","60+","Mexico",15088323.5,0.0868068344016207,0.235185811571632,0,149645,1888.88888888889," 1939.5786128",2638.52038364814,2242.17065543629,2471.0624440549
"531","Mexico","2021-07","18-59","Mexico",73472577,0.201851034250016,0.267209920627286,0,91867,7196.8253968254," 2777.4635743",11582.940692425,9626.85218950185,10878.8754499311
"532","Mexico","2021-07","60+","Mexico",15088323.5,0.153624767492985,0.30924766032325,0,153180,5611.11111111111," 5160.5364257",9393.76784134153,7133.17933500226,8381.73626080128
"533","Mexico","2021-08","18-59","Mexico",73472577,0.227998583904728,0.352319460127959,0,101600,15449.2063492063," 7027.7616464",29451.7994914537,22697.927969311,26875.3225826519
"534","Mexico","2021-08","60+","Mexico",15088323.5,0.173525142297312,0.407746720163489,0,164236,17549.2063492063,"15176.2383536",35781.0405231766,24265.5265204269,30287.0420368742
"535","Mexico","2021-09","18-59","Mexico",73472577,0.175138180896296,0.473318255524785,0,107268,8996.8253968254," 4670.5639783",20297.2742914198,14575.2704868235,17942.6699605982
"536","Mexico","2021-09","60+","Mexico",15088323.5,0.133294151398858,0.547781170570714,0,173158,14161.9047619048,"12552.4360217",36402.2719994271,21996.3164874782,29050.1085425912
"537","Mexico","2021-10","18-59","Mexico",73472577,0.134089426265742,0.629036422807555,0,109080,2876.19047619048," 1989.9396828",8939.07866534745,5466.17490035356,7337.32161966277
"538","Mexico","2021-10","60+","Mexico",15088323.5,0.102052768814786,0.727997080178314,0,176658,5555.55555555556," 6573.0603172",22826.4997183814,10317.8059212867,15501.433160085
"539","Mexico","2021-11","18-59","Mexico",73472577,0.112741104485586,0.675495098823491,0,NA,1562.16329761905,"  984.1628775",5364.68338111837,3110.53626218854,4287.13552050615
"540","Mexico","2021-11","60+","Mexico",15088323.5,0.0858049899414824,0.781764682915205,0,NA,5312.43987698413," 3346.8371225",25910.5517036879,10455.7346035157,16421.0805233268
"541","Mexico","2021-12","18-59","Mexico",73472577,0.0872367787694765,0.755899988828638,0,NA,1600.57086873016," 1008.3596473",6924.33621997186,3504.6038062992,5158.69808156727
"542","Mexico","2021-12","60+","Mexico",15088323.5,0.0663941599560899,0.874818952959777,0,NA,4431.17516301587," 2791.6403527",33509.3533927261,9756.28092877322,17137.044958355
"543","Mexico","2022-01","18-59","Mexico",73472577,0.061697331651256,0.80138172237607,0,NA,3016.2014847619," 1900.2069354",14775.6363861282,6935.64547756894,10553.385263177
"544","Mexico","2022-01","60+","Mexico",15088323.5,0.0469565997770506,0.927455919633658,0,NA,11344.1159755556," 7146.7930646",116595.960570203,26690.4806854972,50131.4460320908
"545","Mexico","2022-02","18-59","Mexico",73472577,0.132,0.80138172237607,0,NA,2803.70067857143," 1766.3314275",17501.878421502,6837.17383810005,11355.6734595767
"546","Mexico","2022-02","60+","Mexico",15088323.5,0.101,0.927455919633658,0,NA,14305.8231309524," 9012.6685725",248951.667078177,34344.4180980163,72302.5361354674
"547","Mexico","2022-03","18-59","Mexico",73472577,0.108,0.80138172237607,0,NA,447.829441111111,"  282.1325479",2556.18768292066,1069.98209349546,1721.22751827786
"548","Mexico","2022-03","60+","Mexico",15088323.5,0.101,0.927455919633658,0,NA,2631.53563825397," 1657.8674521",45794.3019511767,6317.60643010325,13299.9477789546
"549","Mexico","2022-04","18-59","Mexico",73472577,0.108,0.80138172237607,0,NA,106.934352063492,"   67.3686418",610.375845204827,255.494238171554,411.001002891252
"550","Mexico","2022-04","60+","Mexico",15088323.5,0.101,0.927455919633658,0,NA,448.621203492064,"  282.6313582",7806.96052744588,1077.01836093796,2267.35997500497
"551","Mexico","2022-05","18-59","Mexico",73472577,0.12,0.80138172237607,0,NA,43.5526211111111,"   27.4381513",259.714422559483,105.122581549011,171.778465277344
"552","Mexico","2022-05","60+","Mexico",15088323.5,0.107,0.927455919633658,0,NA,219.939442380952,"  138.5618487",4146.4946177484,529.212013665483,1129.60578829324
